HostID,CloudRegion,MemoryUtilization_Pct,NetworkThroughput_GB,HourlyCost_USD
HOST-00001,AWS_us-east-1,28.6,133.71,0.52
HOST-00002,Azure_westeurope,45.1,31.02,0.45
HOST-00003,AWS_ap-northeast-1,93.0,119.56,0.64
HOST-00004,AWS_us-east-1,17.6,104.26,0.52
HOST-00005,Azure_westeurope,50.7,92.23,0.45
HOST-00006,AWS_ap-northeast-1,93.9,80.05,0.64
HOST-00007,AWS_us-east-1,26.8,11.31,0.52
HOST-00008,Azure_westeurope,87.5,62.35,0.45
HOST-00009,AWS_ap-northeast-1,57.5,102.99,0.64
HOST-00010,AWS_us-east-1,76.6,15.62,0.52
HOST-00011,Azure_westeurope,35.7,175.58,0.45
HOST-00012,AWS_ap-northeast-1,43.8,63.67,0.64
HOST-00013,AWS_us-east-1,35.2,48.79,0.52
HOST-00014,Azure_westeurope,86.0,9.95,0.45
HOST-00015,AWS_ap-northeast-1,14.1,32.06,0.64
HOST-00016,AWS_us-east-1,47.8,63.02,0.52
HOST-00017,Azure_westeurope,57.8,24.17,0.45
HOST-00018,AWS_ap-northeast-1,40.9,64.0,0.64
HOST-00019,AWS_us-east-1,69.0,21.49,0.52
HOST-00020,Azure_westeurope,88.5,48.09,0.45
HOST-00021,AWS_ap-northeast-1,12.6,52.46,0.64
HOST-00022,AWS_us-east-1,20.3,20.09,0.52
HOST-00023,Azure_westeurope,29.7,48.62,0.45
HOST-00024,AWS_ap-northeast-1,64.6,68.38,0.64
HOST-00025,AWS_us-east-1,30.1,85.56,0.52
HOST-00026,Azure_westeurope,92.2,55.08,0.45
HOST-00027,AWS_ap-northeast-1,22.7,30.27,0.64
HOST-00028,AWS_us-east-1,14.0,5.35,0.52
HOST-00029,Azure_westeurope,50.0,7.07,0.45
HOST-00030,AWS_ap-northeast-1,68.0,83.02,0.64
HOST-00031,AWS_us-east-1,84.7,43.1,0.52
HOST-00032,Azure_westeurope,68.0,115.46,0.45
HOST-00033,AWS_ap-northeast-1,54.2,72.36,0.64
HOST-00034,AWS_us-east-1,49.7,123.39,0.52
HOST-00035,Azure_westeurope,31.9,88.01,0.45
HOST-00036,AWS_ap-northeast-1,53.2,88.58,0.64
HOST-00037,AWS_us-east-1,58.8,43.55,0.52
HOST-00038,Azure_westeurope,51.7,9.74,0.45
HOST-00039,AWS_ap-northeast-1,27.6,106.76,0.64
HOST-00040,AWS_us-east-1,48.3,11.15,0.52
HOST-00041,Azure_westeurope,89.9,6.03,0.45
HOST-00042,AWS_ap-northeast-1,36.5,104.83,0.64
HOST-00043,AWS_us-east-1,12.0,140.19,0.52
HOST-00044,Azure_westeurope,31.2,18.08,0.45
HOST-00045,AWS_ap-northeast-1,27.9,18.6,0.64
HOST-00046,AWS_us-east-1,27.2,26.75,0.52
HOST-00047,Azure_westeurope,67.0,29.04,0.45
HOST-00048,AWS_ap-northeast-1,73.1,72.52,0.64
HOST-00049,AWS_us-east-1,82.6,14.89,0.52
HOST-00050,Azure_westeurope,17.2,7.82,0.45
HOST-00051,AWS_ap-northeast-1,24.4,67.21,0.64
HOST-00052,AWS_us-east-1,93.0,5.59,0.52
HOST-00053,Azure_westeurope,10.2,141.37,0.45
HOST-00054,AWS_ap-northeast-1,48.9,87.43,0.64
HOST-00055,AWS_us-east-1,14.3,57.5,0.52
HOST-00056,Azure_westeurope,65.4,81.11,0.45
HOST-00057,AWS_ap-northeast-1,94.7,84.92,0.64
HOST-00058,AWS_us-east-1,49.4,81.08,0.52
HOST-00059,Azure_westeurope,41.6,73.67,0.45
HOST-00060,AWS_ap-northeast-1,66.3,6.77,0.64
HOST-00061,AWS_us-east-1,67.3,86.06,0.52
HOST-00062,Azure_westeurope,60.8,366.99,0.45
HOST-00063,AWS_ap-northeast-1,59.9,52.98,0.64
HOST-00064,AWS_us-east-1,18.2,33.28,0.52
HOST-00065,Azure_westeurope,94.8,66.15,0.45
HOST-00066,AWS_ap-northeast-1,64.2,85.21,0.64
HOST-00067,AWS_us-east-1,30.0,16.56,0.52
HOST-00068,Azure_westeurope,87.4,136.71,0.45
HOST-00069,AWS_ap-northeast-1,24.3,99.51,0.64
HOST-00070,AWS_us-east-1,39.0,26.52,0.52
HOST-00071,Azure_westeurope,55.4,81.16,0.45
HOST-00072,AWS_ap-northeast-1,41.4,20.4,0.64
HOST-00073,AWS_us-east-1,52.9,14.18,0.52
HOST-00074,Azure_westeurope,49.8,46.02,0.45
HOST-00075,AWS_ap-northeast-1,32.7,27.37,0.64
HOST-00076,AWS_us-east-1,70.0,86.74,0.52
HOST-00077,Azure_westeurope,19.1,9.61,0.45
HOST-00078,AWS_ap-northeast-1,24.1,31.48,0.64
HOST-00079,AWS_us-east-1,79.7,33.38,0.52
HOST-00080,Azure_westeurope,73.9,21.62,0.45
HOST-00081,AWS_ap-northeast-1,33.7,133.09,0.64
HOST-00082,AWS_us-east-1,82.7,209.75,0.52
HOST-00083,Azure_westeurope,72.9,20.27,0.45
HOST-00084,AWS_ap-northeast-1,87.8,20.92,0.64
HOST-00085,AWS_us-east-1,34.1,39.68,0.52
HOST-00086,Azure_westeurope,24.3,39.49,0.45
HOST-00087,AWS_ap-northeast-1,29.8,127.71,0.64
HOST-00088,AWS_us-east-1,79.8,95.82,0.52
HOST-00089,Azure_westeurope,82.5,12.65,0.45
HOST-00090,AWS_ap-northeast-1,17.9,119.63,0.64
HOST-00091,AWS_us-east-1,60.8,9.66,0.52
HOST-00092,Azure_westeurope,91.9,72.31,0.45
HOST-00093,AWS_ap-northeast-1,70.9,71.19,0.64
HOST-00094,AWS_us-east-1,15.0,17.64,0.52
HOST-00095,Azure_westeurope,61.1,19.78,0.45
HOST-00096,AWS_ap-northeast-1,92.8,22.3,0.64
HOST-00097,AWS_us-east-1,88.6,63.6,0.52
HOST-00098,Azure_westeurope,62.1,203.62,0.45
HOST-00099,AWS_ap-northeast-1,85.7,49.12,0.64
HOST-00100,AWS_us-east-1,27.2,29.84,0.52
HOST-00101,Azure_westeurope,89.2,99.42,0.45
HOST-00102,AWS_ap-northeast-1,35.8,22.89,0.64
HOST-00103,AWS_us-east-1,89.2,16.74,0.52
HOST-00104,Azure_westeurope,46.8,47.83,0.45
HOST-00105,AWS_ap-northeast-1,37.5,118.98,0.64
HOST-00106,AWS_us-east-1,64.6,83.77,0.52
HOST-00107,Azure_westeurope,64.2,34.0,0.45
HOST-00108,AWS_ap-northeast-1,66.4,110.28,0.64
HOST-00109,AWS_us-east-1,60.7,10.74,0.52
HOST-00110,Azure_westeurope,49.9,151.45,0.45
HOST-00111,AWS_ap-northeast-1,88.0,6.87,0.64
HOST-00112,AWS_us-east-1,68.6,51.59,0.52
HOST-00113,Azure_westeurope,46.1,13.78,0.45
HOST-00114,AWS_ap-northeast-1,69.9,144.19,0.64
HOST-00115,AWS_us-east-1,90.5,75.17,0.52
HOST-00116,Azure_westeurope,14.8,136.51,0.45
HOST-00117,AWS_ap-northeast-1,43.9,98.65,0.64
HOST-00118,AWS_us-east-1,23.2,30.64,0.52
HOST-00119,Azure_westeurope,89.4,48.65,0.45
HOST-00120,AWS_ap-northeast-1,69.2,37.56,0.64
HOST-00121,AWS_us-east-1,69.2,17.49,0.52
HOST-00122,Azure_westeurope,59.5,41.75,0.45
HOST-00123,AWS_ap-northeast-1,15.9,64.45,0.64
HOST-00124,AWS_us-east-1,90.5,13.82,0.52
HOST-00125,Azure_westeurope,85.4,16.18,0.45
HOST-00126,AWS_ap-northeast-1,82.3,116.8,0.64
HOST-00127,AWS_us-east-1,31.1,97.96,0.52
HOST-00128,Azure_westeurope,38.8,28.05,0.45
HOST-00129,AWS_ap-northeast-1,49.6,10.43,0.64
HOST-00130,AWS_us-east-1,93.8,22.47,0.52
HOST-00131,Azure_westeurope,25.8,19.92,0.45
HOST-00132,AWS_ap-northeast-1,51.1,51.39,0.64
HOST-00133,AWS_us-east-1,76.2,35.52,0.52
HOST-00134,Azure_westeurope,76.9,6.81,0.45
HOST-00135,AWS_ap-northeast-1,59.0,54.39,0.64
HOST-00136,AWS_us-east-1,51.8,34.51,0.52
HOST-00137,Azure_westeurope,67.6,14.42,0.45
HOST-00138,AWS_ap-northeast-1,35.1,39.1,0.64
HOST-00139,AWS_us-east-1,25.5,10.12,0.52
HOST-00140,Azure_westeurope,34.3,18.05,0.45
HOST-00141,AWS_ap-northeast-1,67.8,77.81,0.64
HOST-00142,AWS_us-east-1,35.2,16.16,0.52
HOST-00143,Azure_westeurope,29.7,106.51,0.45
HOST-00144,AWS_ap-northeast-1,23.9,13.68,0.64
HOST-00145,AWS_us-east-1,81.0,36.46,0.52
HOST-00146,Azure_westeurope,25.9,157.54,0.45
HOST-00147,AWS_ap-northeast-1,61.0,12.7,0.64
HOST-00148,AWS_us-east-1,80.3,150.13,0.52
HOST-00149,Azure_westeurope,65.2,55.55,0.45
HOST-00150,AWS_ap-northeast-1,64.3,42.7,0.64
HOST-00151,AWS_us-east-1,80.1,10.95,0.52
HOST-00152,Azure_westeurope,24.1,83.82,0.45
HOST-00153,AWS_ap-northeast-1,93.5,151.79,0.64
HOST-00154,AWS_us-east-1,20.1,52.17,0.52
HOST-00155,Azure_westeurope,71.3,56.33,0.45
HOST-00156,AWS_ap-northeast-1,74.5,5.42,0.64
HOST-00157,AWS_us-east-1,73.9,75.14,0.52
HOST-00158,Azure_westeurope,54.9,61.13,0.45
HOST-00159,AWS_ap-northeast-1,89.2,79.43,0.64
HOST-00160,AWS_us-east-1,19.6,51.9,0.52
HOST-00161,Azure_westeurope,25.2,65.09,0.45
HOST-00162,AWS_ap-northeast-1,20.5,51.53,0.64
HOST-00163,AWS_us-east-1,45.5,35.54,0.52
HOST-00164,Azure_westeurope,92.3,24.93,0.45
HOST-00165,AWS_ap-northeast-1,71.8,10.32,0.64
HOST-00166,AWS_us-east-1,37.6,47.44,0.52
HOST-00167,Azure_westeurope,83.1,75.42,0.45
HOST-00168,AWS_ap-northeast-1,22.4,223.57,0.64
HOST-00169,AWS_us-east-1,84.0,11.58,0.52
HOST-00170,Azure_westeurope,56.3,14.72,0.45
HOST-00171,AWS_ap-northeast-1,39.1,31.12,0.64
HOST-00172,AWS_us-east-1,68.2,61.96,0.52
HOST-00173,Azure_westeurope,93.0,59.35,0.45
HOST-00174,AWS_ap-northeast-1,23.5,8.34,0.64
HOST-00175,AWS_us-east-1,35.2,62.25,0.52
HOST-00176,Azure_westeurope,84.9,20.25,0.45
HOST-00177,AWS_ap-northeast-1,84.2,103.41,0.64
HOST-00178,AWS_us-east-1,68.8,103.05,0.52
HOST-00179,Azure_westeurope,92.4,79.75,0.45
HOST-00180,AWS_ap-northeast-1,22.8,10.56,0.64
HOST-00181,AWS_us-east-1,25.7,37.86,0.52
HOST-00182,Azure_westeurope,33.8,21.63,0.45
HOST-00183,AWS_ap-northeast-1,18.9,84.21,0.64
HOST-00184,AWS_us-east-1,77.7,22.36,0.52
HOST-00185,Azure_westeurope,94.3,47.58,0.45
HOST-00186,AWS_ap-northeast-1,18.5,15.6,0.64
HOST-00187,AWS_us-east-1,10.3,57.89,0.52
HOST-00188,Azure_westeurope,31.0,127.51,0.45
HOST-00189,AWS_ap-northeast-1,94.3,149.91,0.64
HOST-00190,AWS_us-east-1,65.4,54.4,0.52
HOST-00191,Azure_westeurope,82.5,10.39,0.45
HOST-00192,AWS_ap-northeast-1,27.8,82.92,0.64
HOST-00193,AWS_us-east-1,19.4,16.41,0.52
HOST-00194,Azure_westeurope,12.1,20.84,0.45
HOST-00195,AWS_ap-northeast-1,91.2,29.74,0.64
HOST-00196,AWS_us-east-1,51.1,65.72,0.52
HOST-00197,Azure_westeurope,15.6,41.31,0.45
HOST-00198,AWS_ap-northeast-1,27.0,65.31,0.64
HOST-00199,AWS_us-east-1,28.2,44.92,0.52
HOST-00200,Azure_westeurope,12.2,60.85,0.45
HOST-00201,AWS_ap-northeast-1,32.6,8.56,0.64
HOST-00202,AWS_us-east-1,80.1,8.31,0.52
HOST-00203,Azure_westeurope,12.4,118.12,0.45
HOST-00204,AWS_ap-northeast-1,26.0,45.34,0.64
HOST-00205,AWS_us-east-1,13.3,51.04,0.52
HOST-00206,Azure_westeurope,86.5,50.05,0.45
HOST-00207,AWS_ap-northeast-1,81.4,55.44,0.64
HOST-00208,AWS_us-east-1,26.2,38.18,0.52
HOST-00209,Azure_westeurope,77.8,60.53,0.45
HOST-00210,AWS_ap-northeast-1,83.8,32.15,0.64
HOST-00211,AWS_us-east-1,61.1,41.68,0.52
HOST-00212,Azure_westeurope,60.7,173.34,0.45
HOST-00213,AWS_ap-northeast-1,55.1,83.46,0.64
HOST-00214,AWS_us-east-1,28.8,19.82,0.52
HOST-00215,Azure_westeurope,17.5,8.8,0.45
HOST-00216,AWS_ap-northeast-1,48.1,99.6,0.64
HOST-00217,AWS_us-east-1,45.7,48.76,0.52
HOST-00218,Azure_westeurope,47.7,64.33,0.45
HOST-00219,AWS_ap-northeast-1,16.4,26.79,0.64
HOST-00220,AWS_us-east-1,33.8,50.65,0.52
HOST-00221,Azure_westeurope,27.4,262.05,0.45
HOST-00222,AWS_ap-northeast-1,85.0,21.03,0.64
HOST-00223,AWS_us-east-1,73.6,37.12,0.52
HOST-00224,Azure_westeurope,67.1,96.8,0.45
HOST-00225,AWS_ap-northeast-1,30.3,52.14,0.64
HOST-00226,AWS_us-east-1,24.1,23.67,0.52
HOST-00227,Azure_westeurope,40.8,214.07,0.45
HOST-00228,AWS_ap-northeast-1,72.2,135.21,0.64
HOST-00229,AWS_us-east-1,57.7,39.38,0.52
HOST-00230,Azure_westeurope,56.8,86.66,0.45
HOST-00231,AWS_ap-northeast-1,71.2,6.8,0.64
HOST-00232,AWS_us-east-1,15.6,90.66,0.52
HOST-00233,Azure_westeurope,25.9,16.71,0.45
HOST-00234,AWS_ap-northeast-1,62.4,5.08,0.64
HOST-00235,AWS_us-east-1,49.0,19.47,0.52
HOST-00236,Azure_westeurope,56.0,64.96,0.45
HOST-00237,AWS_ap-northeast-1,11.1,27.63,0.64
HOST-00238,AWS_us-east-1,51.4,18.85,0.52
HOST-00239,Azure_westeurope,53.4,54.17,0.45
HOST-00240,AWS_ap-northeast-1,67.6,30.67,0.64
HOST-00241,AWS_us-east-1,61.5,10.36,0.52
HOST-00242,Azure_westeurope,30.2,32.62,0.45
HOST-00243,AWS_ap-northeast-1,78.2,33.44,0.64
HOST-00244,AWS_us-east-1,59.2,14.88,0.52
HOST-00245,Azure_westeurope,60.6,24.72,0.45
HOST-00246,AWS_ap-northeast-1,38.9,34.49,0.64
HOST-00247,AWS_us-east-1,38.6,80.29,0.52
HOST-00248,Azure_westeurope,77.2,25.37,0.45
HOST-00249,AWS_ap-northeast-1,16.1,71.99,0.64
HOST-00250,AWS_us-east-1,92.4,56.19,0.52
HOST-00251,Azure_westeurope,34.5,50.49,0.45
HOST-00252,AWS_ap-northeast-1,26.5,97.52,0.64
HOST-00253,AWS_us-east-1,68.5,58.96,0.52
HOST-00254,Azure_westeurope,73.6,16.33,0.45
HOST-00255,AWS_ap-northeast-1,81.9,236.59,0.64
HOST-00256,AWS_us-east-1,37.7,41.35,0.52
HOST-00257,Azure_westeurope,46.6,44.22,0.45
HOST-00258,AWS_ap-northeast-1,79.0,52.75,0.64
HOST-00259,AWS_us-east-1,43.7,21.21,0.52
HOST-00260,Azure_westeurope,79.7,172.05,0.45
HOST-00261,AWS_ap-northeast-1,60.8,35.03,0.64
HOST-00262,AWS_us-east-1,95.0,57.97,0.52
HOST-00263,Azure_westeurope,23.8,46.46,0.45
HOST-00264,AWS_ap-northeast-1,84.1,9.55,0.64
HOST-00265,AWS_us-east-1,38.8,56.0,0.52
HOST-00266,Azure_westeurope,13.7,117.61,0.45
HOST-00267,AWS_ap-northeast-1,38.2,61.34,0.64
HOST-00268,AWS_us-east-1,54.6,43.83,0.52
HOST-00269,Azure_westeurope,45.0,13.05,0.45
HOST-00270,AWS_ap-northeast-1,49.1,78.39,0.64
HOST-00271,AWS_us-east-1,75.5,81.4,0.52
HOST-00272,Azure_westeurope,64.1,38.17,0.45
HOST-00273,AWS_ap-northeast-1,44.9,7.11,0.64
HOST-00274,AWS_us-east-1,58.2,11.39,0.52
HOST-00275,Azure_westeurope,22.6,52.53,0.45
HOST-00276,AWS_ap-northeast-1,53.8,205.81,0.64
HOST-00277,AWS_us-east-1,28.3,53.29,0.52
HOST-00278,Azure_westeurope,88.5,26.18,0.45
HOST-00279,AWS_ap-northeast-1,12.0,57.2,0.64
HOST-00280,AWS_us-east-1,87.7,41.08,0.52
HOST-00281,Azure_westeurope,42.8,56.1,0.45
HOST-00282,AWS_ap-northeast-1,29.7,47.03,0.64
HOST-00283,AWS_us-east-1,60.8,73.22,0.52
HOST-00284,Azure_westeurope,47.2,203.46,0.45
HOST-00285,AWS_ap-northeast-1,91.5,31.61,0.64
HOST-00286,AWS_us-east-1,18.2,11.16,0.52
HOST-00287,Azure_westeurope,41.8,70.78,0.45
HOST-00288,AWS_ap-northeast-1,36.6,33.3,0.64
HOST-00289,AWS_us-east-1,62.8,45.73,0.52
HOST-00290,Azure_westeurope,11.6,147.06,0.45
HOST-00291,AWS_ap-northeast-1,22.9,104.57,0.64
HOST-00292,AWS_us-east-1,52.9,35.72,0.52
HOST-00293,Azure_westeurope,83.5,21.47,0.45
HOST-00294,AWS_ap-northeast-1,79.7,22.43,0.64
HOST-00295,AWS_us-east-1,42.7,68.01,0.52
HOST-00296,Azure_westeurope,88.5,163.38,0.45
HOST-00297,AWS_ap-northeast-1,35.6,15.2,0.64
HOST-00298,AWS_us-east-1,63.5,20.37,0.52
HOST-00299,Azure_westeurope,73.2,17.84,0.45
HOST-00300,AWS_ap-northeast-1,10.2,38.99,0.64
HOST-00301,AWS_us-east-1,65.2,93.35,0.52
HOST-00302,Azure_westeurope,72.1,153.27,0.45
HOST-00303,AWS_ap-northeast-1,84.9,85.44,0.64
HOST-00304,AWS_us-east-1,74.9,27.57,0.52
HOST-00305,Azure_westeurope,13.0,35.11,0.45
HOST-00306,AWS_ap-northeast-1,83.7,49.69,0.64
HOST-00307,AWS_us-east-1,71.0,81.54,0.52
HOST-00308,Azure_westeurope,73.7,75.62,0.45
HOST-00309,AWS_ap-northeast-1,69.7,8.91,0.64
HOST-00310,AWS_us-east-1,36.0,106.65,0.52
HOST-00311,Azure_westeurope,82.1,35.5,0.45
HOST-00312,AWS_ap-northeast-1,57.9,9.45,0.64
HOST-00313,AWS_us-east-1,22.8,23.81,0.52
HOST-00314,Azure_westeurope,64.3,121.75,0.45
HOST-00315,AWS_ap-northeast-1,17.8,181.46,0.64
HOST-00316,AWS_us-east-1,24.3,79.24,0.52
HOST-00317,Azure_westeurope,63.3,132.43,0.45
HOST-00318,AWS_ap-northeast-1,24.5,35.3,0.64
HOST-00319,AWS_us-east-1,37.8,50.51,0.52
HOST-00320,Azure_westeurope,63.1,16.39,0.45
HOST-00321,AWS_ap-northeast-1,82.2,64.57,0.64
HOST-00322,AWS_us-east-1,42.7,29.64,0.52
HOST-00323,Azure_westeurope,19.8,73.82,0.45
HOST-00324,AWS_ap-northeast-1,14.6,66.92,0.64
HOST-00325,AWS_us-east-1,70.7,92.59,0.52
HOST-00326,Azure_westeurope,48.7,21.78,0.45
HOST-00327,AWS_ap-northeast-1,75.6,28.65,0.64
HOST-00328,AWS_us-east-1,65.2,18.13,0.52
HOST-00329,Azure_westeurope,67.9,71.33,0.45
HOST-00330,AWS_ap-northeast-1,46.7,9.4,0.64
HOST-00331,AWS_us-east-1,68.7,13.32,0.52
HOST-00332,Azure_westeurope,83.8,18.47,0.45
HOST-00333,AWS_ap-northeast-1,65.7,52.38,0.64
HOST-00334,AWS_us-east-1,85.3,62.26,0.52
HOST-00335,Azure_westeurope,51.6,49.07,0.45
HOST-00336,AWS_ap-northeast-1,78.2,45.74,0.64
HOST-00337,AWS_us-east-1,12.4,38.1,0.52
HOST-00338,Azure_westeurope,91.7,25.23,0.45
HOST-00339,AWS_ap-northeast-1,30.2,48.05,0.64
HOST-00340,AWS_us-east-1,17.1,50.43,0.52
HOST-00341,Azure_westeurope,10.3,21.16,0.45
HOST-00342,AWS_ap-northeast-1,66.2,70.69,0.64
HOST-00343,AWS_us-east-1,69.5,28.21,0.52
HOST-00344,Azure_westeurope,90.3,6.74,0.45
HOST-00345,AWS_ap-northeast-1,59.9,8.9,0.64
HOST-00346,AWS_us-east-1,41.1,15.21,0.52
HOST-00347,Azure_westeurope,37.9,25.09,0.45
HOST-00348,AWS_ap-northeast-1,22.6,72.41,0.64
HOST-00349,AWS_us-east-1,85.4,20.19,0.52
HOST-00350,Azure_westeurope,40.2,42.99,0.45
HOST-00351,AWS_ap-northeast-1,14.6,5.99,0.64
HOST-00352,AWS_us-east-1,24.5,30.11,0.52
HOST-00353,Azure_westeurope,47.4,47.35,0.45
HOST-00354,AWS_ap-northeast-1,44.7,36.07,0.64
HOST-00355,AWS_us-east-1,55.4,45.88,0.52
HOST-00356,Azure_westeurope,57.7,39.82,0.45
HOST-00357,AWS_ap-northeast-1,50.1,33.53,0.64
HOST-00358,AWS_us-east-1,71.4,85.19,0.52
HOST-00359,Azure_westeurope,48.9,13.97,0.45
HOST-00360,AWS_ap-northeast-1,80.3,57.6,0.64
HOST-00361,AWS_us-east-1,34.5,141.39,0.52
HOST-00362,Azure_westeurope,48.4,26.58,0.45
HOST-00363,AWS_ap-northeast-1,11.4,110.11,0.64
HOST-00364,AWS_us-east-1,44.5,59.27,0.52
HOST-00365,Azure_westeurope,48.5,65.12,0.45
HOST-00366,AWS_ap-northeast-1,43.0,47.91,0.64
HOST-00367,AWS_us-east-1,22.8,75.28,0.52
HOST-00368,Azure_westeurope,45.6,62.45,0.45
HOST-00369,AWS_ap-northeast-1,40.0,19.37,0.64
HOST-00370,AWS_us-east-1,85.9,22.41,0.52
HOST-00371,Azure_westeurope,79.9,31.07,0.45
HOST-00372,AWS_ap-northeast-1,60.1,176.43,0.64
HOST-00373,AWS_us-east-1,27.5,103.19,0.52
HOST-00374,Azure_westeurope,60.0,30.72,0.45
HOST-00375,AWS_ap-northeast-1,14.3,13.34,0.64
HOST-00376,AWS_us-east-1,87.5,22.18,0.52
HOST-00377,Azure_westeurope,31.6,127.61,0.45
HOST-00378,AWS_ap-northeast-1,80.1,164.63,0.64
HOST-00379,AWS_us-east-1,50.1,59.17,0.52
HOST-00380,Azure_westeurope,30.8,27.62,0.45
HOST-00381,AWS_ap-northeast-1,45.9,13.05,0.64
HOST-00382,AWS_us-east-1,94.8,24.84,0.52
HOST-00383,Azure_westeurope,77.7,17.02,0.45
HOST-00384,AWS_ap-northeast-1,81.1,96.59,0.64
HOST-00385,AWS_us-east-1,53.2,241.81,0.52
HOST-00386,Azure_westeurope,30.1,25.72,0.45
HOST-00387,AWS_ap-northeast-1,37.2,64.32,0.64
HOST-00388,AWS_us-east-1,77.4,95.0,0.52
HOST-00389,Azure_westeurope,91.3,6.1,0.45
HOST-00390,AWS_ap-northeast-1,69.5,34.75,0.64
HOST-00391,AWS_us-east-1,82.0,97.31,0.52
HOST-00392,Azure_westeurope,57.9,43.25,0.45
HOST-00393,AWS_ap-northeast-1,24.4,5.4,0.64
HOST-00394,AWS_us-east-1,56.5,191.93,0.52
HOST-00395,Azure_westeurope,60.8,105.37,0.45
HOST-00396,AWS_ap-northeast-1,21.4,54.52,0.64
HOST-00397,AWS_us-east-1,52.8,30.06,0.52
HOST-00398,Azure_westeurope,36.4,70.21,0.45
HOST-00399,AWS_ap-northeast-1,86.4,22.1,0.64
HOST-00400,AWS_us-east-1,88.9,53.96,0.52
HOST-00401,Azure_westeurope,90.8,72.64,0.45
HOST-00402,AWS_ap-northeast-1,61.6,51.59,0.64
HOST-00403,AWS_us-east-1,77.0,5.5,0.52
HOST-00404,Azure_westeurope,89.3,5.47,0.45
HOST-00405,AWS_ap-northeast-1,64.2,24.2,0.64
HOST-00406,AWS_us-east-1,13.3,74.25,0.52
HOST-00407,Azure_westeurope,28.7,62.45,0.45
HOST-00408,AWS_ap-northeast-1,30.2,138.31,0.64
HOST-00409,AWS_us-east-1,37.8,69.96,0.52
HOST-00410,Azure_westeurope,79.7,93.03,0.45
HOST-00411,AWS_ap-northeast-1,80.3,207.74,0.64
HOST-00412,AWS_us-east-1,61.5,29.32,0.52
HOST-00413,Azure_westeurope,11.2,64.05,0.45
HOST-00414,AWS_ap-northeast-1,77.9,54.54,0.64
HOST-00415,AWS_us-east-1,60.4,6.19,0.52
HOST-00416,Azure_westeurope,61.4,34.39,0.45
HOST-00417,AWS_ap-northeast-1,14.0,50.14,0.64
HOST-00418,AWS_us-east-1,88.6,7.41,0.52
HOST-00419,Azure_westeurope,92.7,28.89,0.45
HOST-00420,AWS_ap-northeast-1,16.2,152.36,0.64
HOST-00421,AWS_us-east-1,31.8,66.92,0.52
HOST-00422,Azure_westeurope,44.4,46.41,0.45
HOST-00423,AWS_ap-northeast-1,78.9,83.62,0.64
HOST-00424,AWS_us-east-1,90.9,106.8,0.52
HOST-00425,Azure_westeurope,18.6,41.63,0.45
HOST-00426,AWS_ap-northeast-1,31.9,77.01,0.64
HOST-00427,AWS_us-east-1,11.2,11.65,0.52
HOST-00428,Azure_westeurope,45.3,98.63,0.45
HOST-00429,AWS_ap-northeast-1,34.1,37.4,0.64
HOST-00430,AWS_us-east-1,51.4,311.68,0.52
HOST-00431,Azure_westeurope,68.5,14.04,0.45
HOST-00432,AWS_ap-northeast-1,55.5,83.45,0.64
HOST-00433,AWS_us-east-1,10.2,22.58,0.52
HOST-00434,Azure_westeurope,12.8,58.2,0.45
HOST-00435,AWS_ap-northeast-1,58.0,36.83,0.64
HOST-00436,AWS_us-east-1,68.2,10.39,0.52
HOST-00437,Azure_westeurope,29.8,41.34,0.45
HOST-00438,AWS_ap-northeast-1,75.1,61.75,0.64
HOST-00439,AWS_us-east-1,63.4,28.37,0.52
HOST-00440,Azure_westeurope,50.4,47.22,0.45
HOST-00441,AWS_ap-northeast-1,77.9,57.67,0.64
HOST-00442,AWS_us-east-1,59.4,162.66,0.52
HOST-00443,Azure_westeurope,90.1,6.18,0.45
HOST-00444,AWS_ap-northeast-1,60.8,41.76,0.64
HOST-00445,AWS_us-east-1,30.3,27.41,0.52
HOST-00446,Azure_westeurope,15.7,14.85,0.45
HOST-00447,AWS_ap-northeast-1,17.6,36.2,0.64
HOST-00448,AWS_us-east-1,94.8,30.12,0.52
HOST-00449,Azure_westeurope,83.6,56.41,0.45
HOST-00450,AWS_ap-northeast-1,92.9,24.34,0.64
HOST-00451,AWS_us-east-1,12.2,53.55,0.52
HOST-00452,Azure_westeurope,66.3,15.41,0.45
HOST-00453,AWS_ap-northeast-1,72.9,21.88,0.64
HOST-00454,AWS_us-east-1,76.6,79.04,0.52
HOST-00455,Azure_westeurope,46.3,39.54,0.45
HOST-00456,AWS_ap-northeast-1,20.8,12.2,0.64
HOST-00457,AWS_us-east-1,52.6,45.32,0.52
HOST-00458,Azure_westeurope,64.8,111.74,0.45
HOST-00459,AWS_ap-northeast-1,91.0,191.54,0.64
HOST-00460,AWS_us-east-1,75.3,13.94,0.52
HOST-00461,Azure_westeurope,50.7,8.37,0.45
HOST-00462,AWS_ap-northeast-1,80.8,6.0,0.64
HOST-00463,AWS_us-east-1,64.9,43.56,0.52
HOST-00464,Azure_westeurope,11.4,39.5,0.45
HOST-00465,AWS_ap-northeast-1,38.3,23.58,0.64
HOST-00466,AWS_us-east-1,31.3,156.23,0.52
HOST-00467,Azure_westeurope,44.3,64.97,0.45
HOST-00468,AWS_ap-northeast-1,45.7,96.07,0.64
HOST-00469,AWS_us-east-1,18.9,163.4,0.52
HOST-00470,Azure_westeurope,38.5,6.97,0.45
HOST-00471,AWS_ap-northeast-1,41.4,24.99,0.64
HOST-00472,AWS_us-east-1,32.8,51.64,0.52
HOST-00473,Azure_westeurope,76.9,133.82,0.45
HOST-00474,AWS_ap-northeast-1,25.3,35.75,0.64
HOST-00475,AWS_us-east-1,62.7,77.4,0.52
HOST-00476,Azure_westeurope,90.4,19.78,0.45
HOST-00477,AWS_ap-northeast-1,55.2,156.41,0.64
HOST-00478,AWS_us-east-1,84.8,9.5,0.52
HOST-00479,Azure_westeurope,87.8,5.45,0.45
HOST-00480,AWS_ap-northeast-1,17.3,68.44,0.64
HOST-00481,AWS_us-east-1,21.1,84.33,0.52
HOST-00482,Azure_westeurope,60.9,89.16,0.45
HOST-00483,AWS_ap-northeast-1,49.7,23.02,0.64
HOST-00484,AWS_us-east-1,14.8,26.15,0.52
HOST-00485,Azure_westeurope,15.3,23.54,0.45
HOST-00486,AWS_ap-northeast-1,27.8,18.43,0.64
HOST-00487,AWS_us-east-1,70.4,136.2,0.52
HOST-00488,Azure_westeurope,48.7,122.76,0.45
HOST-00489,AWS_ap-northeast-1,78.5,15.57,0.64
HOST-00490,AWS_us-east-1,74.8,92.74,0.52
HOST-00491,Azure_westeurope,91.0,28.86,0.45
HOST-00492,AWS_ap-northeast-1,39.9,36.67,0.64
HOST-00493,AWS_us-east-1,44.4,37.97,0.52
HOST-00494,Azure_westeurope,71.6,16.44,0.45
HOST-00495,AWS_ap-northeast-1,39.8,13.78,0.64
HOST-00496,AWS_us-east-1,63.4,126.01,0.52
HOST-00497,Azure_westeurope,90.8,38.37,0.45
HOST-00498,AWS_ap-northeast-1,14.8,23.55,0.64
HOST-00499,AWS_us-east-1,38.9,61.6,0.52
HOST-00500,Azure_westeurope,93.6,39.5,0.45
HOST-00501,AWS_ap-northeast-1,78.2,68.58,0.64
HOST-00502,AWS_us-east-1,67.3,31.65,0.52
HOST-00503,Azure_westeurope,70.3,38.65,0.45
HOST-00504,AWS_ap-northeast-1,71.3,92.72,0.64
HOST-00505,AWS_us-east-1,87.7,15.69,0.52
HOST-00506,Azure_westeurope,11.4,16.17,0.45
HOST-00507,AWS_ap-northeast-1,47.1,22.04,0.64
HOST-00508,AWS_us-east-1,28.3,18.19,0.52
HOST-00509,Azure_westeurope,61.3,94.63,0.45
HOST-00510,AWS_ap-northeast-1,65.8,40.33,0.64
HOST-00511,AWS_us-east-1,85.6,39.33,0.52
HOST-00512,Azure_westeurope,79.4,18.88,0.45
HOST-00513,AWS_ap-northeast-1,26.2,16.61,0.64
HOST-00514,AWS_us-east-1,30.6,74.85,0.52
HOST-00515,Azure_westeurope,45.1,15.29,0.45
HOST-00516,AWS_ap-northeast-1,91.7,30.3,0.64
HOST-00517,AWS_us-east-1,16.2,12.52,0.52
HOST-00518,Azure_westeurope,44.0,32.78,0.45
HOST-00519,AWS_ap-northeast-1,85.0,34.97,0.64
HOST-00520,AWS_us-east-1,64.1,251.53,0.52
HOST-00521,Azure_westeurope,89.7,11.71,0.45
HOST-00522,AWS_ap-northeast-1,53.9,29.16,0.64
HOST-00523,AWS_us-east-1,89.2,14.68,0.52
HOST-00524,Azure_westeurope,27.2,26.33,0.45
HOST-00525,AWS_ap-northeast-1,13.0,10.63,0.64
HOST-00526,AWS_us-east-1,74.8,124.03,0.52
HOST-00527,Azure_westeurope,59.4,16.81,0.45
HOST-00528,AWS_ap-northeast-1,52.6,74.91,0.64
HOST-00529,AWS_us-east-1,73.1,71.01,0.52
HOST-00530,Azure_westeurope,62.5,80.14,0.45
HOST-00531,AWS_ap-northeast-1,45.3,21.64,0.64
HOST-00532,AWS_us-east-1,34.0,14.12,0.52
HOST-00533,Azure_westeurope,17.2,70.03,0.45
HOST-00534,AWS_ap-northeast-1,45.7,7.66,0.64
HOST-00535,AWS_us-east-1,50.4,91.49,0.52
HOST-00536,Azure_westeurope,39.5,23.71,0.45
HOST-00537,AWS_ap-northeast-1,58.2,31.64,0.64
HOST-00538,AWS_us-east-1,72.5,43.61,0.52
HOST-00539,Azure_westeurope,79.2,149.26,0.45
HOST-00540,AWS_ap-northeast-1,66.7,40.53,0.64
HOST-00541,AWS_us-east-1,81.9,75.33,0.52
HOST-00542,Azure_westeurope,47.7,77.34,0.45
HOST-00543,AWS_ap-northeast-1,89.5,46.65,0.64
HOST-00544,AWS_us-east-1,58.7,58.2,0.52
HOST-00545,Azure_westeurope,28.8,35.71,0.45
HOST-00546,AWS_ap-northeast-1,94.9,29.21,0.64
HOST-00547,AWS_us-east-1,55.3,38.89,0.52
HOST-00548,Azure_westeurope,19.2,35.61,0.45
HOST-00549,AWS_ap-northeast-1,21.6,32.87,0.64
HOST-00550,AWS_us-east-1,70.3,58.8,0.52
HOST-00551,Azure_westeurope,38.4,42.41,0.45
HOST-00552,AWS_ap-northeast-1,43.2,5.83,0.64
HOST-00553,AWS_us-east-1,72.1,38.98,0.52
HOST-00554,Azure_westeurope,87.4,47.41,0.45
HOST-00555,AWS_ap-northeast-1,69.4,63.9,0.64
HOST-00556,AWS_us-east-1,79.4,101.17,0.52
HOST-00557,Azure_westeurope,92.9,5.7,0.45
HOST-00558,AWS_ap-northeast-1,29.5,286.09,0.64
HOST-00559,AWS_us-east-1,55.1,12.77,0.52
HOST-00560,Azure_westeurope,68.1,24.26,0.45
HOST-00561,AWS_ap-northeast-1,14.2,21.27,0.64
HOST-00562,AWS_us-east-1,91.8,10.61,0.52
HOST-00563,Azure_westeurope,65.7,33.9,0.45
HOST-00564,AWS_ap-northeast-1,83.8,21.92,0.64
HOST-00565,AWS_us-east-1,14.5,29.96,0.52
HOST-00566,Azure_westeurope,65.6,17.8,0.45
HOST-00567,AWS_ap-northeast-1,57.5,12.85,0.64
HOST-00568,AWS_us-east-1,90.4,205.6,0.52
HOST-00569,Azure_westeurope,58.2,42.12,0.45
HOST-00570,AWS_ap-northeast-1,20.5,14.34,0.64
HOST-00571,AWS_us-east-1,58.4,60.57,0.52
HOST-00572,Azure_westeurope,21.3,32.7,0.45
HOST-00573,AWS_ap-northeast-1,67.6,8.21,0.64
HOST-00574,AWS_us-east-1,75.3,99.15,0.52
HOST-00575,Azure_westeurope,40.7,20.07,0.45
HOST-00576,AWS_ap-northeast-1,41.8,16.2,0.64
HOST-00577,AWS_us-east-1,51.1,64.84,0.52
HOST-00578,Azure_westeurope,43.1,47.13,0.45
HOST-00579,AWS_ap-northeast-1,34.1,74.22,0.64
HOST-00580,AWS_us-east-1,52.2,125.9,0.52
HOST-00581,Azure_westeurope,36.1,5.16,0.45
HOST-00582,AWS_ap-northeast-1,46.5,24.96,0.64
HOST-00583,AWS_us-east-1,76.4,46.14,0.52
HOST-00584,Azure_westeurope,39.0,171.14,0.45
HOST-00585,AWS_ap-northeast-1,74.7,95.61,0.64
HOST-00586,AWS_us-east-1,54.4,23.1,0.52
HOST-00587,Azure_westeurope,32.5,29.24,0.45
HOST-00588,AWS_ap-northeast-1,82.3,12.78,0.64
HOST-00589,AWS_us-east-1,61.8,30.67,0.52
HOST-00590,Azure_westeurope,69.0,33.96,0.45
HOST-00591,AWS_ap-northeast-1,48.6,32.15,0.64
HOST-00592,AWS_us-east-1,33.4,135.28,0.52
HOST-00593,Azure_westeurope,42.1,129.09,0.45
HOST-00594,AWS_ap-northeast-1,17.5,25.7,0.64
HOST-00595,AWS_us-east-1,81.6,14.22,0.52
HOST-00596,Azure_westeurope,60.6,22.13,0.45
HOST-00597,AWS_ap-northeast-1,22.1,37.7,0.64
HOST-00598,AWS_us-east-1,79.8,229.91,0.52
HOST-00599,Azure_westeurope,41.9,44.83,0.45
HOST-00600,AWS_ap-northeast-1,84.9,33.24,0.64
HOST-00601,AWS_us-east-1,40.7,39.14,0.52
HOST-00602,Azure_westeurope,88.7,52.38,0.45
HOST-00603,AWS_ap-northeast-1,30.1,13.17,0.64
HOST-00604,AWS_us-east-1,10.0,103.8,0.52
HOST-00605,Azure_westeurope,54.4,15.97,0.45
HOST-00606,AWS_ap-northeast-1,80.9,16.56,0.64
HOST-00607,AWS_us-east-1,28.3,50.88,0.52
HOST-00608,Azure_westeurope,41.9,5.18,0.45
HOST-00609,AWS_ap-northeast-1,20.4,168.04,0.64
HOST-00610,AWS_us-east-1,19.3,12.23,0.52
HOST-00611,Azure_westeurope,29.1,137.31,0.45
HOST-00612,AWS_ap-northeast-1,10.7,31.56,0.64
HOST-00613,AWS_us-east-1,13.9,15.42,0.52
HOST-00614,Azure_westeurope,62.5,57.49,0.45
HOST-00615,AWS_ap-northeast-1,62.7,44.12,0.64
HOST-00616,AWS_us-east-1,74.5,37.99,0.52
HOST-00617,Azure_westeurope,21.4,125.23,0.45
HOST-00618,AWS_ap-northeast-1,78.8,5.09,0.64
HOST-00619,AWS_us-east-1,26.6,67.32,0.52
HOST-00620,Azure_westeurope,68.6,24.64,0.45
HOST-00621,AWS_ap-northeast-1,92.7,61.32,0.64
HOST-00622,AWS_us-east-1,76.6,17.47,0.52
HOST-00623,Azure_westeurope,47.0,201.9,0.45
HOST-00624,AWS_ap-northeast-1,43.6,96.42,0.64
HOST-00625,AWS_us-east-1,66.2,54.4,0.52
HOST-00626,Azure_westeurope,53.0,65.66,0.45
HOST-00627,AWS_ap-northeast-1,81.6,36.98,0.64
HOST-00628,AWS_us-east-1,85.8,58.04,0.52
HOST-00629,Azure_westeurope,57.0,5.33,0.45
HOST-00630,AWS_ap-northeast-1,83.7,108.33,0.64
HOST-00631,AWS_us-east-1,24.0,53.92,0.52
HOST-00632,Azure_westeurope,23.3,53.69,0.45
HOST-00633,AWS_ap-northeast-1,11.3,58.45,0.64
HOST-00634,AWS_us-east-1,44.1,27.92,0.52
HOST-00635,Azure_westeurope,42.5,6.56,0.45
HOST-00636,AWS_ap-northeast-1,60.9,67.05,0.64
HOST-00637,AWS_us-east-1,42.5,6.69,0.52
HOST-00638,Azure_westeurope,80.7,35.37,0.45
HOST-00639,AWS_ap-northeast-1,23.6,18.22,0.64
HOST-00640,AWS_us-east-1,90.7,6.68,0.52
HOST-00641,Azure_westeurope,40.0,129.13,0.45
HOST-00642,AWS_ap-northeast-1,28.8,38.26,0.64
HOST-00643,AWS_us-east-1,79.5,78.2,0.52
HOST-00644,Azure_westeurope,49.8,59.9,0.45
HOST-00645,AWS_ap-northeast-1,71.9,11.2,0.64
HOST-00646,AWS_us-east-1,43.4,105.05,0.52
HOST-00647,Azure_westeurope,73.8,24.96,0.45
HOST-00648,AWS_ap-northeast-1,43.6,28.3,0.64
HOST-00649,AWS_us-east-1,63.7,65.6,0.52
HOST-00650,Azure_westeurope,51.1,69.76,0.45
HOST-00651,AWS_ap-northeast-1,42.6,13.92,0.64
HOST-00652,AWS_us-east-1,86.5,54.8,0.52
HOST-00653,Azure_westeurope,85.3,35.35,0.45
HOST-00654,AWS_ap-northeast-1,88.5,68.47,0.64
HOST-00655,AWS_us-east-1,54.4,13.21,0.52
HOST-00656,Azure_westeurope,72.0,138.9,0.45
HOST-00657,AWS_ap-northeast-1,45.0,62.04,0.64
HOST-00658,AWS_us-east-1,23.5,14.48,0.52
HOST-00659,Azure_westeurope,40.3,5.73,0.45
HOST-00660,AWS_ap-northeast-1,39.1,189.17,0.64
HOST-00661,AWS_us-east-1,61.0,30.34,0.52
HOST-00662,Azure_westeurope,84.4,41.04,0.45
HOST-00663,AWS_ap-northeast-1,93.2,21.14,0.64
HOST-00664,AWS_us-east-1,28.1,103.14,0.52
HOST-00665,Azure_westeurope,70.3,73.49,0.45
HOST-00666,AWS_ap-northeast-1,23.3,68.16,0.64
HOST-00667,AWS_us-east-1,26.5,100.66,0.52
HOST-00668,Azure_westeurope,91.6,56.39,0.45
HOST-00669,AWS_ap-northeast-1,14.8,29.8,0.64
HOST-00670,AWS_us-east-1,22.5,94.37,0.52
HOST-00671,Azure_westeurope,64.7,10.74,0.45
HOST-00672,AWS_ap-northeast-1,18.7,49.01,0.64
HOST-00673,AWS_us-east-1,84.8,10.75,0.52
HOST-00674,Azure_westeurope,62.3,22.8,0.45
HOST-00675,AWS_ap-northeast-1,53.9,90.11,0.64
HOST-00676,AWS_us-east-1,45.2,24.88,0.52
HOST-00677,Azure_westeurope,63.6,31.15,0.45
HOST-00678,AWS_ap-northeast-1,64.2,59.76,0.64
HOST-00679,AWS_us-east-1,53.2,5.81,0.52
HOST-00680,Azure_westeurope,87.8,52.81,0.45
HOST-00681,AWS_ap-northeast-1,36.5,14.63,0.64
HOST-00682,AWS_us-east-1,51.7,20.02,0.52
HOST-00683,Azure_westeurope,38.7,83.19,0.45
HOST-00684,AWS_ap-northeast-1,20.0,71.17,0.64
HOST-00685,AWS_us-east-1,43.6,7.42,0.52
HOST-00686,Azure_westeurope,45.4,101.02,0.45
HOST-00687,AWS_ap-northeast-1,35.1,30.26,0.64
HOST-00688,AWS_us-east-1,44.7,35.76,0.52
HOST-00689,Azure_westeurope,30.4,20.37,0.45
HOST-00690,AWS_ap-northeast-1,50.4,32.8,0.64
HOST-00691,AWS_us-east-1,18.0,17.12,0.52
HOST-00692,Azure_westeurope,65.2,9.28,0.45
HOST-00693,AWS_ap-northeast-1,42.8,81.34,0.64
HOST-00694,AWS_us-east-1,19.9,64.8,0.52
HOST-00695,Azure_westeurope,67.3,7.17,0.45
HOST-00696,AWS_ap-northeast-1,15.8,22.02,0.64
HOST-00697,AWS_us-east-1,25.6,116.71,0.52
HOST-00698,Azure_westeurope,20.9,103.4,0.45
HOST-00699,AWS_ap-northeast-1,25.3,51.53,0.64
HOST-00700,AWS_us-east-1,32.3,20.72,0.52
HOST-00701,Azure_westeurope,20.8,70.18,0.45
HOST-00702,AWS_ap-northeast-1,75.8,86.38,0.64
HOST-00703,AWS_us-east-1,18.0,27.48,0.52
HOST-00704,Azure_westeurope,92.5,18.93,0.45
HOST-00705,AWS_ap-northeast-1,51.0,46.07,0.64
HOST-00706,AWS_us-east-1,41.5,158.19,0.52
HOST-00707,Azure_westeurope,84.0,42.77,0.45
HOST-00708,AWS_ap-northeast-1,38.5,24.71,0.64
HOST-00709,AWS_us-east-1,56.9,59.38,0.52
HOST-00710,Azure_westeurope,55.2,100.38,0.45
HOST-00711,AWS_ap-northeast-1,79.3,10.86,0.64
HOST-00712,AWS_us-east-1,31.8,104.78,0.52
HOST-00713,Azure_westeurope,87.7,19.64,0.45
HOST-00714,AWS_ap-northeast-1,21.7,114.43,0.64
HOST-00715,AWS_us-east-1,37.4,30.18,0.52
HOST-00716,Azure_westeurope,58.6,107.85,0.45
HOST-00717,AWS_ap-northeast-1,48.8,68.51,0.64
HOST-00718,AWS_us-east-1,48.9,33.25,0.52
HOST-00719,Azure_westeurope,14.8,38.5,0.45
HOST-00720,AWS_ap-northeast-1,56.0,59.71,0.64
HOST-00721,AWS_us-east-1,44.0,8.62,0.52
HOST-00722,Azure_westeurope,78.1,28.62,0.45
HOST-00723,AWS_ap-northeast-1,62.2,82.38,0.64
HOST-00724,AWS_us-east-1,74.2,35.62,0.52
HOST-00725,Azure_westeurope,49.9,6.11,0.45
HOST-00726,AWS_ap-northeast-1,54.9,13.43,0.64
HOST-00727,AWS_us-east-1,40.2,14.6,0.52
HOST-00728,Azure_westeurope,82.9,50.29,0.45
HOST-00729,AWS_ap-northeast-1,85.1,43.57,0.64
HOST-00730,AWS_us-east-1,71.1,35.58,0.52
HOST-00731,Azure_westeurope,28.2,9.36,0.45
HOST-00732,AWS_ap-northeast-1,37.4,12.22,0.64
HOST-00733,AWS_us-east-1,59.3,9.12,0.52
HOST-00734,Azure_westeurope,74.1,15.3,0.45
HOST-00735,AWS_ap-northeast-1,66.8,24.43,0.64
HOST-00736,AWS_us-east-1,63.3,32.98,0.52
HOST-00737,Azure_westeurope,53.4,27.34,0.45
HOST-00738,AWS_ap-northeast-1,58.7,116.77,0.64
HOST-00739,AWS_us-east-1,64.4,86.91,0.52
HOST-00740,Azure_westeurope,18.1,9.12,0.45
HOST-00741,AWS_ap-northeast-1,42.8,65.46,0.64
HOST-00742,AWS_us-east-1,78.8,115.46,0.52
HOST-00743,Azure_westeurope,84.6,23.05,0.45
HOST-00744,AWS_ap-northeast-1,90.5,22.55,0.64
HOST-00745,AWS_us-east-1,40.0,17.83,0.52
HOST-00746,Azure_westeurope,48.0,42.95,0.45
HOST-00747,AWS_ap-northeast-1,15.7,124.4,0.64
HOST-00748,AWS_us-east-1,86.2,46.03,0.52
HOST-00749,Azure_westeurope,87.0,31.8,0.45
HOST-00750,AWS_ap-northeast-1,24.1,141.37,0.64
HOST-00751,AWS_us-east-1,26.6,17.57,0.52
HOST-00752,Azure_westeurope,15.7,145.04,0.45
HOST-00753,AWS_ap-northeast-1,41.6,35.86,0.64
HOST-00754,AWS_us-east-1,93.0,25.13,0.52
HOST-00755,Azure_westeurope,14.3,101.18,0.45
HOST-00756,AWS_ap-northeast-1,88.5,52.66,0.64
HOST-00757,AWS_us-east-1,84.5,44.96,0.52
HOST-00758,Azure_westeurope,36.1,19.86,0.45
HOST-00759,AWS_ap-northeast-1,91.1,69.21,0.64
HOST-00760,AWS_us-east-1,58.5,58.2,0.52
HOST-00761,Azure_westeurope,53.7,6.34,0.45
HOST-00762,AWS_ap-northeast-1,55.6,54.89,0.64
HOST-00763,AWS_us-east-1,74.9,112.46,0.52
HOST-00764,Azure_westeurope,88.0,146.18,0.45
HOST-00765,AWS_ap-northeast-1,67.7,91.6,0.64
HOST-00766,AWS_us-east-1,15.2,64.74,0.52
HOST-00767,Azure_westeurope,56.1,31.21,0.45
HOST-00768,AWS_ap-northeast-1,19.0,33.47,0.64
HOST-00769,AWS_us-east-1,60.4,27.39,0.52
HOST-00770,Azure_westeurope,39.7,118.7,0.45
HOST-00771,AWS_ap-northeast-1,47.2,84.62,0.64
HOST-00772,AWS_us-east-1,68.0,98.59,0.52
HOST-00773,Azure_westeurope,35.4,76.01,0.45
HOST-00774,AWS_ap-northeast-1,36.4,38.61,0.64
HOST-00775,AWS_us-east-1,77.9,9.36,0.52
HOST-00776,Azure_westeurope,76.9,74.81,0.45
HOST-00777,AWS_ap-northeast-1,42.5,26.72,0.64
HOST-00778,AWS_us-east-1,57.2,39.45,0.52
HOST-00779,Azure_westeurope,48.7,10.39,0.45
HOST-00780,AWS_ap-northeast-1,77.4,71.21,0.64
HOST-00781,AWS_us-east-1,63.4,66.8,0.52
HOST-00782,Azure_westeurope,58.6,151.21,0.45
HOST-00783,AWS_ap-northeast-1,84.1,59.51,0.64
HOST-00784,AWS_us-east-1,31.2,23.0,0.52
HOST-00785,Azure_westeurope,83.1,42.75,0.45
HOST-00786,AWS_ap-northeast-1,14.8,42.28,0.64
HOST-00787,AWS_us-east-1,28.7,9.03,0.52
HOST-00788,Azure_westeurope,20.2,30.97,0.45
HOST-00789,AWS_ap-northeast-1,19.8,33.01,0.64
HOST-00790,AWS_us-east-1,21.0,74.7,0.52
HOST-00791,Azure_westeurope,49.4,15.3,0.45
HOST-00792,AWS_ap-northeast-1,74.7,53.79,0.64
HOST-00793,AWS_us-east-1,70.5,198.55,0.52
HOST-00794,Azure_westeurope,76.9,6.2,0.45
HOST-00795,AWS_ap-northeast-1,59.5,52.58,0.64
HOST-00796,AWS_us-east-1,57.2,51.03,0.52
HOST-00797,Azure_westeurope,76.0,80.95,0.45
HOST-00798,AWS_ap-northeast-1,68.1,6.61,0.64
HOST-00799,AWS_us-east-1,58.0,17.82,0.52
HOST-00800,Azure_westeurope,69.1,95.82,0.45
HOST-00801,AWS_ap-northeast-1,66.7,17.33,0.64
HOST-00802,AWS_us-east-1,43.7,50.66,0.52
HOST-00803,Azure_westeurope,73.3,99.7,0.45
HOST-00804,AWS_ap-northeast-1,56.0,110.69,0.64
HOST-00805,AWS_us-east-1,54.0,13.72,0.52
HOST-00806,Azure_westeurope,49.9,111.9,0.45
HOST-00807,AWS_ap-northeast-1,56.8,47.32,0.64
HOST-00808,AWS_us-east-1,89.9,24.13,0.52
HOST-00809,Azure_westeurope,69.2,37.15,0.45
HOST-00810,AWS_ap-northeast-1,66.3,103.11,0.64
HOST-00811,AWS_us-east-1,72.9,39.8,0.52
HOST-00812,Azure_westeurope,72.0,13.16,0.45
HOST-00813,AWS_ap-northeast-1,32.1,61.66,0.64
HOST-00814,AWS_us-east-1,37.5,37.1,0.52
HOST-00815,Azure_westeurope,73.6,13.65,0.45
HOST-00816,AWS_ap-northeast-1,14.2,19.19,0.64
HOST-00817,AWS_us-east-1,30.2,91.01,0.52
HOST-00818,Azure_westeurope,89.3,8.28,0.45
HOST-00819,AWS_ap-northeast-1,60.6,32.8,0.64
HOST-00820,AWS_us-east-1,42.6,136.23,0.52
HOST-00821,Azure_westeurope,19.0,21.48,0.45
HOST-00822,AWS_ap-northeast-1,32.0,18.73,0.64
HOST-00823,AWS_us-east-1,35.7,92.39,0.52
HOST-00824,Azure_westeurope,92.9,63.54,0.45
HOST-00825,AWS_ap-northeast-1,88.1,53.28,0.64
HOST-00826,AWS_us-east-1,56.8,120.73,0.52
HOST-00827,Azure_westeurope,54.7,123.22,0.45
HOST-00828,AWS_ap-northeast-1,21.8,11.66,0.64
HOST-00829,AWS_us-east-1,44.5,14.17,0.52
HOST-00830,Azure_westeurope,72.7,9.12,0.45
HOST-00831,AWS_ap-northeast-1,16.5,69.29,0.64
HOST-00832,AWS_us-east-1,24.6,237.65,0.52
HOST-00833,Azure_westeurope,56.0,20.98,0.45
HOST-00834,AWS_ap-northeast-1,60.7,46.11,0.64
HOST-00835,AWS_us-east-1,83.8,33.36,0.52
HOST-00836,Azure_westeurope,32.3,47.35,0.45
HOST-00837,AWS_ap-northeast-1,94.7,63.3,0.64
HOST-00838,AWS_us-east-1,56.3,46.91,0.52
HOST-00839,Azure_westeurope,40.9,18.28,0.45
HOST-00840,AWS_ap-northeast-1,12.4,21.25,0.64
HOST-00841,AWS_us-east-1,16.6,94.49,0.52
HOST-00842,Azure_westeurope,63.6,144.44,0.45
HOST-00843,AWS_ap-northeast-1,80.8,37.62,0.64
HOST-00844,AWS_us-east-1,44.0,18.22,0.52
HOST-00845,Azure_westeurope,64.6,72.06,0.45
HOST-00846,AWS_ap-northeast-1,51.9,41.63,0.64
HOST-00847,AWS_us-east-1,40.2,28.52,0.52
HOST-00848,Azure_westeurope,85.4,64.97,0.45
HOST-00849,AWS_ap-northeast-1,14.7,85.23,0.64
HOST-00850,AWS_us-east-1,45.6,53.07,0.52
HOST-00851,Azure_westeurope,50.2,41.72,0.45
HOST-00852,AWS_ap-northeast-1,92.9,54.96,0.64
HOST-00853,AWS_us-east-1,85.8,73.25,0.52
HOST-00854,Azure_westeurope,49.7,8.09,0.45
HOST-00855,AWS_ap-northeast-1,35.5,17.23,0.64
HOST-00856,AWS_us-east-1,18.2,90.73,0.52
HOST-00857,Azure_westeurope,28.5,114.21,0.45
HOST-00858,AWS_ap-northeast-1,14.7,110.52,0.64
HOST-00859,AWS_us-east-1,49.0,59.71,0.52
HOST-00860,Azure_westeurope,14.5,21.45,0.45
HOST-00861,AWS_ap-northeast-1,72.1,126.82,0.64
HOST-00862,AWS_us-east-1,14.9,52.12,0.52
HOST-00863,Azure_westeurope,72.3,14.1,0.45
HOST-00864,AWS_ap-northeast-1,67.6,41.9,0.64
HOST-00865,AWS_us-east-1,38.2,74.67,0.52
HOST-00866,Azure_westeurope,68.3,34.02,0.45
HOST-00867,AWS_ap-northeast-1,50.7,41.39,0.64
HOST-00868,AWS_us-east-1,91.7,27.34,0.52
HOST-00869,Azure_westeurope,23.6,78.79,0.45
HOST-00870,AWS_ap-northeast-1,52.2,21.31,0.64
HOST-00871,AWS_us-east-1,46.2,164.16,0.52
HOST-00872,Azure_westeurope,61.7,137.85,0.45
HOST-00873,AWS_ap-northeast-1,86.1,8.52,0.64
HOST-00874,AWS_us-east-1,32.4,13.02,0.52
HOST-00875,Azure_westeurope,15.5,11.88,0.45
HOST-00876,AWS_ap-northeast-1,57.2,100.71,0.64
HOST-00877,AWS_us-east-1,68.9,85.16,0.52
HOST-00878,Azure_westeurope,61.3,16.59,0.45
HOST-00879,AWS_ap-northeast-1,68.3,55.55,0.64
HOST-00880,AWS_us-east-1,15.5,6.69,0.52
HOST-00881,Azure_westeurope,50.9,23.32,0.45
HOST-00882,AWS_ap-northeast-1,32.0,194.52,0.64
HOST-00883,AWS_us-east-1,62.6,25.12,0.52
HOST-00884,Azure_westeurope,91.1,18.86,0.45
HOST-00885,AWS_ap-northeast-1,38.0,85.58,0.64
HOST-00886,AWS_us-east-1,32.7,34.54,0.52
HOST-00887,Azure_westeurope,15.8,20.78,0.45
HOST-00888,AWS_ap-northeast-1,31.8,33.26,0.64
HOST-00889,AWS_us-east-1,81.9,161.41,0.52
HOST-00890,Azure_westeurope,79.7,20.74,0.45
HOST-00891,AWS_ap-northeast-1,20.7,71.95,0.64
HOST-00892,AWS_us-east-1,47.1,57.03,0.52
HOST-00893,Azure_westeurope,72.7,53.67,0.45
HOST-00894,AWS_ap-northeast-1,73.0,6.61,0.64
HOST-00895,AWS_us-east-1,92.2,19.9,0.52
HOST-00896,Azure_westeurope,61.2,46.87,0.45
HOST-00897,AWS_ap-northeast-1,57.7,27.99,0.64
HOST-00898,AWS_us-east-1,53.6,7.13,0.52
HOST-00899,Azure_westeurope,53.6,316.18,0.45
HOST-00900,AWS_ap-northeast-1,86.1,53.21,0.64
HOST-00901,AWS_us-east-1,39.7,110.57,0.52
HOST-00902,Azure_westeurope,32.6,13.72,0.45
HOST-00903,AWS_ap-northeast-1,14.1,141.87,0.64
HOST-00904,AWS_us-east-1,37.0,5.99,0.52
HOST-00905,Azure_westeurope,79.4,249.45,0.45
HOST-00906,AWS_ap-northeast-1,21.6,25.39,0.64
HOST-00907,AWS_us-east-1,83.7,333.68,0.52
HOST-00908,Azure_westeurope,42.6,66.02,0.45
HOST-00909,AWS_ap-northeast-1,91.0,50.78,0.64
HOST-00910,AWS_us-east-1,73.2,75.54,0.52
HOST-00911,Azure_westeurope,68.5,43.0,0.45
HOST-00912,AWS_ap-northeast-1,46.5,76.43,0.64
HOST-00913,AWS_us-east-1,72.9,47.12,0.52
HOST-00914,Azure_westeurope,13.7,79.5,0.45
HOST-00915,AWS_ap-northeast-1,77.0,58.52,0.64
HOST-00916,AWS_us-east-1,92.4,10.68,0.52
HOST-00917,Azure_westeurope,51.5,132.48,0.45
HOST-00918,AWS_ap-northeast-1,58.5,65.34,0.64
HOST-00919,AWS_us-east-1,78.4,154.96,0.52
HOST-00920,Azure_westeurope,34.1,110.41,0.45
HOST-00921,AWS_ap-northeast-1,69.3,41.65,0.64
HOST-00922,AWS_us-east-1,79.9,43.08,0.52
HOST-00923,Azure_westeurope,33.2,6.16,0.45
HOST-00924,AWS_ap-northeast-1,66.3,76.99,0.64
HOST-00925,AWS_us-east-1,75.7,35.97,0.52
HOST-00926,Azure_westeurope,26.1,70.05,0.45
HOST-00927,AWS_ap-northeast-1,81.3,70.84,0.64
HOST-00928,AWS_us-east-1,80.8,6.85,0.52
HOST-00929,Azure_westeurope,27.4,42.7,0.45
HOST-00930,AWS_ap-northeast-1,50.9,34.53,0.64
HOST-00931,AWS_us-east-1,75.6,176.95,0.52
HOST-00932,Azure_westeurope,47.9,8.77,0.45
HOST-00933,AWS_ap-northeast-1,80.2,9.31,0.64
HOST-00934,AWS_us-east-1,38.4,9.33,0.52
HOST-00935,Azure_westeurope,81.8,17.47,0.45
HOST-00936,AWS_ap-northeast-1,39.6,9.26,0.64
HOST-00937,AWS_us-east-1,43.3,30.25,0.52
HOST-00938,Azure_westeurope,70.0,42.86,0.45
HOST-00939,AWS_ap-northeast-1,37.4,38.24,0.64
HOST-00940,AWS_us-east-1,57.6,113.28,0.52
HOST-00941,Azure_westeurope,19.4,80.3,0.45
HOST-00942,AWS_ap-northeast-1,23.7,6.86,0.64
HOST-00943,AWS_us-east-1,77.3,82.57,0.52
HOST-00944,Azure_westeurope,92.4,135.11,0.45
HOST-00945,AWS_ap-northeast-1,51.6,87.69,0.64
HOST-00946,AWS_us-east-1,21.1,25.47,0.52
HOST-00947,Azure_westeurope,54.2,51.12,0.45
HOST-00948,AWS_ap-northeast-1,90.9,24.93,0.64
HOST-00949,AWS_us-east-1,87.2,45.37,0.52
HOST-00950,Azure_westeurope,68.0,112.91,0.45
HOST-00951,AWS_ap-northeast-1,90.3,6.02,0.64
HOST-00952,AWS_us-east-1,59.3,28.32,0.52
HOST-00953,Azure_westeurope,10.1,90.94,0.45
HOST-00954,AWS_ap-northeast-1,87.2,15.91,0.64
HOST-00955,AWS_us-east-1,27.9,33.33,0.52
HOST-00956,Azure_westeurope,11.1,137.15,0.45
HOST-00957,AWS_ap-northeast-1,45.6,35.39,0.64
HOST-00958,AWS_us-east-1,83.1,74.92,0.52
HOST-00959,Azure_westeurope,38.9,7.29,0.45
HOST-00960,AWS_ap-northeast-1,37.0,44.45,0.64
HOST-00961,AWS_us-east-1,37.5,22.63,0.52
HOST-00962,Azure_westeurope,48.0,77.45,0.45
HOST-00963,AWS_ap-northeast-1,73.9,50.44,0.64
HOST-00964,AWS_us-east-1,62.5,6.99,0.52
HOST-00965,Azure_westeurope,28.1,71.24,0.45
HOST-00966,AWS_ap-northeast-1,39.0,38.75,0.64
HOST-00967,AWS_us-east-1,51.7,88.55,0.52
HOST-00968,Azure_westeurope,71.8,18.13,0.45
HOST-00969,AWS_ap-northeast-1,87.7,108.48,0.64
HOST-00970,AWS_us-east-1,61.3,42.65,0.52
HOST-00971,Azure_westeurope,40.6,23.73,0.45
HOST-00972,AWS_ap-northeast-1,93.3,29.57,0.64
HOST-00973,AWS_us-east-1,23.6,13.12,0.52
HOST-00974,Azure_westeurope,84.6,133.08,0.45
HOST-00975,AWS_ap-northeast-1,42.1,37.82,0.64
HOST-00976,AWS_us-east-1,90.5,36.41,0.52
HOST-00977,Azure_westeurope,24.6,61.16,0.45
HOST-00978,AWS_ap-northeast-1,42.6,53.29,0.64
HOST-00979,AWS_us-east-1,15.5,31.82,0.52
HOST-00980,Azure_westeurope,86.5,125.53,0.45
HOST-00981,AWS_ap-northeast-1,21.1,99.61,0.64
HOST-00982,AWS_us-east-1,59.6,20.93,0.52
HOST-00983,Azure_westeurope,28.9,70.02,0.45
HOST-00984,AWS_ap-northeast-1,91.0,11.51,0.64
HOST-00985,AWS_us-east-1,66.9,15.52,0.52
HOST-00986,Azure_westeurope,48.8,44.91,0.45
HOST-00987,AWS_ap-northeast-1,12.6,36.72,0.64
HOST-00988,AWS_us-east-1,19.6,77.11,0.52
HOST-00989,Azure_westeurope,64.3,39.93,0.45
HOST-00990,AWS_ap-northeast-1,49.0,8.09,0.64
HOST-00991,AWS_us-east-1,73.0,7.02,0.52
HOST-00992,Azure_westeurope,64.0,16.83,0.45
HOST-00993,AWS_ap-northeast-1,13.7,7.76,0.64
HOST-00994,AWS_us-east-1,12.8,127.51,0.52
HOST-00995,Azure_westeurope,33.6,9.77,0.45
HOST-00996,AWS_ap-northeast-1,58.3,26.55,0.64
HOST-00997,AWS_us-east-1,25.7,52.76,0.52
HOST-00998,Azure_westeurope,50.2,13.36,0.45
HOST-00999,AWS_ap-northeast-1,72.0,7.67,0.64
HOST-01000,AWS_us-east-1,45.1,10.72,0.52
HOST-01001,Azure_westeurope,18.7,14.39,0.45
HOST-01002,AWS_ap-northeast-1,49.5,68.02,0.64
HOST-01003,AWS_us-east-1,66.4,15.99,0.52
HOST-01004,Azure_westeurope,92.6,119.56,0.45
HOST-01005,AWS_ap-northeast-1,88.6,27.22,0.64
HOST-01006,AWS_us-east-1,76.4,104.41,0.52
HOST-01007,Azure_westeurope,75.6,116.32,0.45
HOST-01008,AWS_ap-northeast-1,65.3,19.82,0.64
HOST-01009,AWS_us-east-1,36.5,49.88,0.52
HOST-01010,Azure_westeurope,31.6,15.0,0.45
HOST-01011,AWS_ap-northeast-1,62.2,95.2,0.64
HOST-01012,AWS_us-east-1,41.6,124.31,0.52
HOST-01013,Azure_westeurope,50.9,100.22,0.45
HOST-01014,AWS_ap-northeast-1,62.4,55.81,0.64
HOST-01015,AWS_us-east-1,16.9,50.78,0.52
HOST-01016,Azure_westeurope,31.2,47.73,0.45
HOST-01017,AWS_ap-northeast-1,20.1,21.91,0.64
HOST-01018,AWS_us-east-1,28.0,61.73,0.52
HOST-01019,Azure_westeurope,87.7,49.99,0.45
HOST-01020,AWS_ap-northeast-1,68.8,19.53,0.64
HOST-01021,AWS_us-east-1,43.4,23.28,0.52
HOST-01022,Azure_westeurope,84.5,10.11,0.45
HOST-01023,AWS_ap-northeast-1,27.6,56.63,0.64
HOST-01024,AWS_us-east-1,67.6,77.77,0.52
HOST-01025,Azure_westeurope,76.2,42.63,0.45
HOST-01026,AWS_ap-northeast-1,41.6,71.14,0.64
HOST-01027,AWS_us-east-1,38.5,25.23,0.52
HOST-01028,Azure_westeurope,40.2,46.78,0.45
HOST-01029,AWS_ap-northeast-1,43.7,83.86,0.64
HOST-01030,AWS_us-east-1,21.0,107.82,0.52
HOST-01031,Azure_westeurope,49.2,89.62,0.45
HOST-01032,AWS_ap-northeast-1,89.5,183.32,0.64
HOST-01033,AWS_us-east-1,62.4,10.11,0.52
HOST-01034,Azure_westeurope,69.5,23.0,0.45
HOST-01035,AWS_ap-northeast-1,41.1,22.87,0.64
HOST-01036,AWS_us-east-1,95.0,43.94,0.52
HOST-01037,Azure_westeurope,76.7,62.65,0.45
HOST-01038,AWS_ap-northeast-1,57.0,32.24,0.64
HOST-01039,AWS_us-east-1,43.9,103.98,0.52
HOST-01040,Azure_westeurope,51.2,18.64,0.45
HOST-01041,AWS_ap-northeast-1,51.2,25.64,0.64
HOST-01042,AWS_us-east-1,91.4,39.92,0.52
HOST-01043,Azure_westeurope,92.6,233.9,0.45
HOST-01044,AWS_ap-northeast-1,79.3,60.81,0.64
HOST-01045,AWS_us-east-1,85.8,37.08,0.52
HOST-01046,Azure_westeurope,89.6,103.45,0.45
HOST-01047,AWS_ap-northeast-1,85.8,80.82,0.64
HOST-01048,AWS_us-east-1,12.5,70.95,0.52
HOST-01049,Azure_westeurope,58.4,40.07,0.45
HOST-01050,AWS_ap-northeast-1,60.3,5.99,0.64
HOST-01051,AWS_us-east-1,17.4,88.59,0.52
HOST-01052,Azure_westeurope,65.5,40.8,0.45
HOST-01053,AWS_ap-northeast-1,55.0,47.88,0.64
HOST-01054,AWS_us-east-1,69.4,59.93,0.52
HOST-01055,Azure_westeurope,51.3,24.69,0.45
HOST-01056,AWS_ap-northeast-1,65.2,15.41,0.64
HOST-01057,AWS_us-east-1,73.9,8.74,0.52
HOST-01058,Azure_westeurope,37.6,6.16,0.45
HOST-01059,AWS_ap-northeast-1,70.9,172.77,0.64
HOST-01060,AWS_us-east-1,14.4,88.27,0.52
HOST-01061,Azure_westeurope,52.8,24.26,0.45
HOST-01062,AWS_ap-northeast-1,71.9,80.83,0.64
HOST-01063,AWS_us-east-1,71.1,21.32,0.52
HOST-01064,Azure_westeurope,14.5,128.77,0.45
HOST-01065,AWS_ap-northeast-1,38.2,83.28,0.64
HOST-01066,AWS_us-east-1,16.2,25.55,0.52
HOST-01067,Azure_westeurope,88.6,164.87,0.45
HOST-01068,AWS_ap-northeast-1,73.2,70.87,0.64
HOST-01069,AWS_us-east-1,72.3,59.98,0.52
HOST-01070,Azure_westeurope,93.4,22.15,0.45
HOST-01071,AWS_ap-northeast-1,87.9,36.61,0.64
HOST-01072,AWS_us-east-1,81.2,14.75,0.52
HOST-01073,Azure_westeurope,39.9,92.32,0.45
HOST-01074,AWS_ap-northeast-1,51.9,20.02,0.64
HOST-01075,AWS_us-east-1,14.3,24.39,0.52
HOST-01076,Azure_westeurope,74.5,48.37,0.45
HOST-01077,AWS_ap-northeast-1,54.1,115.44,0.64
HOST-01078,AWS_us-east-1,52.6,17.95,0.52
HOST-01079,Azure_westeurope,94.9,12.79,0.45
HOST-01080,AWS_ap-northeast-1,54.7,23.89,0.64
HOST-01081,AWS_us-east-1,92.4,100.56,0.52
HOST-01082,Azure_westeurope,18.7,77.08,0.45
HOST-01083,AWS_ap-northeast-1,82.3,14.09,0.64
HOST-01084,AWS_us-east-1,17.8,81.39,0.52
HOST-01085,Azure_westeurope,83.7,8.87,0.45
HOST-01086,AWS_ap-northeast-1,59.3,24.88,0.64
HOST-01087,AWS_us-east-1,17.8,100.22,0.52
HOST-01088,Azure_westeurope,23.8,48.57,0.45
HOST-01089,AWS_ap-northeast-1,51.9,34.98,0.64
HOST-01090,AWS_us-east-1,73.8,44.75,0.52
HOST-01091,Azure_westeurope,47.3,40.93,0.45
HOST-01092,AWS_ap-northeast-1,83.6,15.57,0.64
HOST-01093,AWS_us-east-1,75.1,8.96,0.52
HOST-01094,Azure_westeurope,36.8,10.53,0.45
HOST-01095,AWS_ap-northeast-1,93.2,11.01,0.64
HOST-01096,AWS_us-east-1,57.5,146.47,0.52
HOST-01097,Azure_westeurope,55.3,104.18,0.45
HOST-01098,AWS_ap-northeast-1,65.8,16.27,0.64
HOST-01099,AWS_us-east-1,61.6,10.93,0.52
HOST-01100,Azure_westeurope,39.1,220.21,0.45
HOST-01101,AWS_ap-northeast-1,39.4,149.44,0.64
HOST-01102,AWS_us-east-1,30.5,54.52,0.52
HOST-01103,Azure_westeurope,37.6,14.77,0.45
HOST-01104,AWS_ap-northeast-1,78.2,38.54,0.64
HOST-01105,AWS_us-east-1,13.0,17.82,0.52
HOST-01106,Azure_westeurope,60.9,27.57,0.45
HOST-01107,AWS_ap-northeast-1,48.1,125.05,0.64
HOST-01108,AWS_us-east-1,75.2,18.97,0.52
HOST-01109,Azure_westeurope,29.9,23.77,0.45
HOST-01110,AWS_ap-northeast-1,70.3,124.27,0.64
HOST-01111,AWS_us-east-1,82.2,29.48,0.52
HOST-01112,Azure_westeurope,92.8,42.07,0.45
HOST-01113,AWS_ap-northeast-1,63.6,7.62,0.64
HOST-01114,AWS_us-east-1,69.0,28.61,0.52
HOST-01115,Azure_westeurope,10.8,63.74,0.45
HOST-01116,AWS_ap-northeast-1,25.3,82.13,0.64
HOST-01117,AWS_us-east-1,53.5,90.25,0.52
HOST-01118,Azure_westeurope,89.4,18.22,0.45
HOST-01119,AWS_ap-northeast-1,77.6,26.64,0.64
HOST-01120,AWS_us-east-1,55.9,44.57,0.52
HOST-01121,Azure_westeurope,20.7,85.77,0.45
HOST-01122,AWS_ap-northeast-1,58.4,270.76,0.64
HOST-01123,AWS_us-east-1,18.4,76.86,0.52
HOST-01124,Azure_westeurope,56.0,28.21,0.45
HOST-01125,AWS_ap-northeast-1,25.8,17.49,0.64
HOST-01126,AWS_us-east-1,89.6,26.36,0.52
HOST-01127,Azure_westeurope,29.3,9.3,0.45
HOST-01128,AWS_ap-northeast-1,57.0,40.57,0.64
HOST-01129,AWS_us-east-1,84.3,103.48,0.52
HOST-01130,Azure_westeurope,64.3,6.64,0.45
HOST-01131,AWS_ap-northeast-1,69.1,51.82,0.64
HOST-01132,AWS_us-east-1,74.2,126.84,0.52
HOST-01133,Azure_westeurope,84.5,9.35,0.45
HOST-01134,AWS_ap-northeast-1,56.7,37.87,0.64
HOST-01135,AWS_us-east-1,79.9,9.91,0.52
HOST-01136,Azure_westeurope,68.9,65.73,0.45
HOST-01137,AWS_ap-northeast-1,34.1,41.21,0.64
HOST-01138,AWS_us-east-1,25.7,93.67,0.52
HOST-01139,Azure_westeurope,86.4,38.5,0.45
HOST-01140,AWS_ap-northeast-1,90.6,52.43,0.64
HOST-01141,AWS_us-east-1,18.2,11.46,0.52
HOST-01142,Azure_westeurope,20.7,51.46,0.45
HOST-01143,AWS_ap-northeast-1,13.9,8.92,0.64
HOST-01144,AWS_us-east-1,70.3,58.05,0.52
HOST-01145,Azure_westeurope,61.8,107.46,0.45
HOST-01146,AWS_ap-northeast-1,30.0,20.09,0.64
HOST-01147,AWS_us-east-1,66.6,84.22,0.52
HOST-01148,Azure_westeurope,62.0,52.96,0.45
HOST-01149,AWS_ap-northeast-1,16.1,27.38,0.64
HOST-01150,AWS_us-east-1,83.6,121.18,0.52
HOST-01151,Azure_westeurope,61.7,8.32,0.45
HOST-01152,AWS_ap-northeast-1,46.1,109.96,0.64
HOST-01153,AWS_us-east-1,88.5,17.82,0.52
HOST-01154,Azure_westeurope,83.4,72.06,0.45
HOST-01155,AWS_ap-northeast-1,35.1,134.33,0.64
HOST-01156,AWS_us-east-1,45.4,49.66,0.52
HOST-01157,Azure_westeurope,61.5,54.07,0.45
HOST-01158,AWS_ap-northeast-1,85.3,5.25,0.64
HOST-01159,AWS_us-east-1,44.9,113.21,0.52
HOST-01160,Azure_westeurope,43.8,137.16,0.45
HOST-01161,AWS_ap-northeast-1,33.4,20.19,0.64
HOST-01162,AWS_us-east-1,44.1,34.32,0.52
HOST-01163,Azure_westeurope,33.8,16.15,0.45
HOST-01164,AWS_ap-northeast-1,10.3,32.6,0.64
HOST-01165,AWS_us-east-1,62.6,30.94,0.52
HOST-01166,Azure_westeurope,52.1,22.95,0.45
HOST-01167,AWS_ap-northeast-1,48.9,187.82,0.64
HOST-01168,AWS_us-east-1,58.5,24.93,0.52
HOST-01169,Azure_westeurope,40.6,77.53,0.45
HOST-01170,AWS_ap-northeast-1,92.4,115.81,0.64
HOST-01171,AWS_us-east-1,93.8,18.57,0.52
HOST-01172,Azure_westeurope,93.2,117.71,0.45
HOST-01173,AWS_ap-northeast-1,46.0,27.01,0.64
HOST-01174,AWS_us-east-1,43.3,67.74,0.52
HOST-01175,Azure_westeurope,35.4,227.12,0.45
HOST-01176,AWS_ap-northeast-1,40.5,67.97,0.64
HOST-01177,AWS_us-east-1,33.5,38.49,0.52
HOST-01178,Azure_westeurope,66.0,12.14,0.45
HOST-01179,AWS_ap-northeast-1,75.6,31.02,0.64
HOST-01180,AWS_us-east-1,42.6,16.96,0.52
HOST-01181,Azure_westeurope,58.2,32.39,0.45
HOST-01182,AWS_ap-northeast-1,13.9,220.18,0.64
HOST-01183,AWS_us-east-1,10.1,31.65,0.52
HOST-01184,Azure_westeurope,52.3,85.42,0.45
HOST-01185,AWS_ap-northeast-1,24.1,18.82,0.64
HOST-01186,AWS_us-east-1,61.5,236.46,0.52
HOST-01187,Azure_westeurope,46.5,20.32,0.45
HOST-01188,AWS_ap-northeast-1,59.8,58.73,0.64
HOST-01189,AWS_us-east-1,35.0,124.52,0.52
HOST-01190,Azure_westeurope,91.5,36.57,0.45
HOST-01191,AWS_ap-northeast-1,19.2,41.54,0.64
HOST-01192,AWS_us-east-1,74.1,92.52,0.52
HOST-01193,Azure_westeurope,15.0,17.28,0.45
HOST-01194,AWS_ap-northeast-1,15.9,29.72,0.64
HOST-01195,AWS_us-east-1,74.3,54.06,0.52
HOST-01196,Azure_westeurope,81.2,75.07,0.45
HOST-01197,AWS_ap-northeast-1,15.2,55.26,0.64
HOST-01198,AWS_us-east-1,73.0,30.96,0.52
HOST-01199,Azure_westeurope,31.2,19.61,0.45
HOST-01200,AWS_ap-northeast-1,45.1,30.27,0.64
HOST-01201,AWS_us-east-1,34.6,38.76,0.52
HOST-01202,Azure_westeurope,71.7,182.7,0.45
HOST-01203,AWS_ap-northeast-1,43.0,27.39,0.64
HOST-01204,AWS_us-east-1,37.2,105.01,0.52
HOST-01205,Azure_westeurope,21.2,24.8,0.45
HOST-01206,AWS_ap-northeast-1,66.2,29.24,0.64
HOST-01207,AWS_us-east-1,52.0,13.45,0.52
HOST-01208,Azure_westeurope,75.7,34.86,0.45
HOST-01209,AWS_ap-northeast-1,67.1,66.71,0.64
HOST-01210,AWS_us-east-1,18.6,125.65,0.52
HOST-01211,Azure_westeurope,88.9,18.02,0.45
HOST-01212,AWS_ap-northeast-1,71.2,65.57,0.64
HOST-01213,AWS_us-east-1,11.3,25.49,0.52
HOST-01214,Azure_westeurope,20.8,94.39,0.45
HOST-01215,AWS_ap-northeast-1,45.9,85.05,0.64
HOST-01216,AWS_us-east-1,69.1,24.6,0.52
HOST-01217,Azure_westeurope,94.4,106.79,0.45
HOST-01218,AWS_ap-northeast-1,70.1,38.87,0.64
HOST-01219,AWS_us-east-1,93.0,21.45,0.52
HOST-01220,Azure_westeurope,75.9,35.33,0.45
HOST-01221,AWS_ap-northeast-1,12.0,25.38,0.64
HOST-01222,AWS_us-east-1,31.3,34.88,0.52
HOST-01223,Azure_westeurope,63.0,85.29,0.45
HOST-01224,AWS_ap-northeast-1,93.7,39.9,0.64
HOST-01225,AWS_us-east-1,27.4,25.52,0.52
HOST-01226,Azure_westeurope,68.8,49.92,0.45
HOST-01227,AWS_ap-northeast-1,48.8,100.45,0.64
HOST-01228,AWS_us-east-1,50.6,80.06,0.52
HOST-01229,Azure_westeurope,43.1,21.16,0.45
HOST-01230,AWS_ap-northeast-1,58.3,129.73,0.64
HOST-01231,AWS_us-east-1,88.4,56.22,0.52
HOST-01232,Azure_westeurope,81.5,44.71,0.45
HOST-01233,AWS_ap-northeast-1,82.7,62.09,0.64
HOST-01234,AWS_us-east-1,79.1,58.66,0.52
HOST-01235,Azure_westeurope,14.8,107.69,0.45
HOST-01236,AWS_ap-northeast-1,56.6,19.4,0.64
HOST-01237,AWS_us-east-1,50.4,18.83,0.52
HOST-01238,Azure_westeurope,71.8,177.48,0.45
HOST-01239,AWS_ap-northeast-1,10.4,24.19,0.64
HOST-01240,AWS_us-east-1,94.9,18.05,0.52
HOST-01241,Azure_westeurope,52.3,158.96,0.45
HOST-01242,AWS_ap-northeast-1,34.9,37.08,0.64
HOST-01243,AWS_us-east-1,28.4,151.2,0.52
HOST-01244,Azure_westeurope,82.6,6.58,0.45
HOST-01245,AWS_ap-northeast-1,66.2,42.08,0.64
HOST-01246,AWS_us-east-1,73.4,15.33,0.52
HOST-01247,Azure_westeurope,92.5,30.76,0.45
HOST-01248,AWS_ap-northeast-1,68.6,52.8,0.64
HOST-01249,AWS_us-east-1,32.8,53.57,0.52
HOST-01250,Azure_westeurope,57.4,382.76,0.45
HOST-01251,AWS_ap-northeast-1,15.7,71.28,0.64
HOST-01252,AWS_us-east-1,81.1,33.7,0.52
HOST-01253,Azure_westeurope,64.5,35.88,0.45
HOST-01254,AWS_ap-northeast-1,71.7,229.7,0.64
HOST-01255,AWS_us-east-1,60.7,7.79,0.52
HOST-01256,Azure_westeurope,78.1,48.27,0.45
HOST-01257,AWS_ap-northeast-1,92.4,26.98,0.64
HOST-01258,AWS_us-east-1,36.7,90.16,0.52
HOST-01259,Azure_westeurope,87.7,208.12,0.45
HOST-01260,AWS_ap-northeast-1,44.5,126.7,0.64
HOST-01261,AWS_us-east-1,62.4,9.42,0.52
HOST-01262,Azure_westeurope,85.3,26.42,0.45
HOST-01263,AWS_ap-northeast-1,18.6,18.5,0.64
HOST-01264,AWS_us-east-1,55.5,92.99,0.52
HOST-01265,Azure_westeurope,67.0,21.24,0.45
HOST-01266,AWS_ap-northeast-1,33.3,10.17,0.64
HOST-01267,AWS_us-east-1,24.2,16.62,0.52
HOST-01268,Azure_westeurope,72.8,49.97,0.45
HOST-01269,AWS_ap-northeast-1,30.3,62.69,0.64
HOST-01270,AWS_us-east-1,48.3,8.86,0.52
HOST-01271,Azure_westeurope,15.9,126.6,0.45
HOST-01272,AWS_ap-northeast-1,47.4,140.37,0.64
HOST-01273,AWS_us-east-1,65.6,13.3,0.52
HOST-01274,Azure_westeurope,63.3,60.44,0.45
HOST-01275,AWS_ap-northeast-1,80.6,328.53,0.64
HOST-01276,AWS_us-east-1,48.1,69.04,0.52
HOST-01277,Azure_westeurope,50.9,93.9,0.45
HOST-01278,AWS_ap-northeast-1,48.9,90.76,0.64
HOST-01279,AWS_us-east-1,33.7,168.94,0.52
HOST-01280,Azure_westeurope,16.7,12.38,0.45
HOST-01281,AWS_ap-northeast-1,44.6,75.44,0.64
HOST-01282,AWS_us-east-1,72.1,22.32,0.52
HOST-01283,Azure_westeurope,89.1,123.61,0.45
HOST-01284,AWS_ap-northeast-1,58.8,11.33,0.64
HOST-01285,AWS_us-east-1,47.6,24.02,0.52
HOST-01286,Azure_westeurope,51.8,22.76,0.45
HOST-01287,AWS_ap-northeast-1,11.6,158.12,0.64
HOST-01288,AWS_us-east-1,94.3,32.65,0.52
HOST-01289,Azure_westeurope,43.8,80.0,0.45
HOST-01290,AWS_ap-northeast-1,54.3,47.08,0.64
HOST-01291,AWS_us-east-1,61.0,6.72,0.52
HOST-01292,Azure_westeurope,50.7,210.71,0.45
HOST-01293,AWS_ap-northeast-1,94.5,44.72,0.64
HOST-01294,AWS_us-east-1,30.0,51.42,0.52
HOST-01295,Azure_westeurope,88.8,103.81,0.45
HOST-01296,AWS_ap-northeast-1,13.1,58.08,0.64
HOST-01297,AWS_us-east-1,71.3,23.24,0.52
HOST-01298,Azure_westeurope,27.3,60.87,0.45
HOST-01299,AWS_ap-northeast-1,30.2,42.53,0.64
HOST-01300,AWS_us-east-1,31.6,26.12,0.52
HOST-01301,Azure_westeurope,78.4,181.85,0.45
HOST-01302,AWS_ap-northeast-1,61.1,96.91,0.64
HOST-01303,AWS_us-east-1,31.5,111.07,0.52
HOST-01304,Azure_westeurope,15.9,17.98,0.45
HOST-01305,AWS_ap-northeast-1,52.3,7.74,0.64
HOST-01306,AWS_us-east-1,50.4,13.75,0.52
HOST-01307,Azure_westeurope,59.5,45.59,0.45
HOST-01308,AWS_ap-northeast-1,35.8,56.02,0.64
HOST-01309,AWS_us-east-1,77.7,9.8,0.52
HOST-01310,Azure_westeurope,49.6,33.95,0.45
HOST-01311,AWS_ap-northeast-1,81.9,122.77,0.64
HOST-01312,AWS_us-east-1,16.3,11.51,0.52
HOST-01313,Azure_westeurope,49.5,6.1,0.45
HOST-01314,AWS_ap-northeast-1,40.9,23.12,0.64
HOST-01315,AWS_us-east-1,54.4,27.18,0.52
HOST-01316,Azure_westeurope,63.1,52.39,0.45
HOST-01317,AWS_ap-northeast-1,33.5,10.6,0.64
HOST-01318,AWS_us-east-1,33.0,24.62,0.52
HOST-01319,Azure_westeurope,91.3,14.1,0.45
HOST-01320,AWS_ap-northeast-1,21.9,131.72,0.64
HOST-01321,AWS_us-east-1,70.2,6.69,0.52
HOST-01322,Azure_westeurope,55.7,11.71,0.45
HOST-01323,AWS_ap-northeast-1,73.6,37.77,0.64
HOST-01324,AWS_us-east-1,27.9,137.61,0.52
HOST-01325,Azure_westeurope,17.0,20.12,0.45
HOST-01326,AWS_ap-northeast-1,20.7,16.8,0.64
HOST-01327,AWS_us-east-1,48.3,65.27,0.52
HOST-01328,Azure_westeurope,92.4,49.33,0.45
HOST-01329,AWS_ap-northeast-1,35.9,25.8,0.64
HOST-01330,AWS_us-east-1,61.0,19.94,0.52
HOST-01331,Azure_westeurope,20.3,92.65,0.45
HOST-01332,AWS_ap-northeast-1,49.4,93.97,0.64
HOST-01333,AWS_us-east-1,53.9,24.69,0.52
HOST-01334,Azure_westeurope,53.0,77.41,0.45
HOST-01335,AWS_ap-northeast-1,71.4,45.85,0.64
HOST-01336,AWS_us-east-1,32.5,116.74,0.52
HOST-01337,Azure_westeurope,27.9,137.92,0.45
HOST-01338,AWS_ap-northeast-1,45.1,42.22,0.64
HOST-01339,AWS_us-east-1,88.5,29.9,0.52
HOST-01340,Azure_westeurope,60.9,6.12,0.45
HOST-01341,AWS_ap-northeast-1,83.9,28.59,0.64
HOST-01342,AWS_us-east-1,32.4,18.75,0.52
HOST-01343,Azure_westeurope,65.5,13.34,0.45
HOST-01344,AWS_ap-northeast-1,10.6,79.19,0.64
HOST-01345,AWS_us-east-1,90.8,56.76,0.52
HOST-01346,Azure_westeurope,45.1,123.83,0.45
HOST-01347,AWS_ap-northeast-1,91.0,31.58,0.64
HOST-01348,AWS_us-east-1,69.7,20.89,0.52
HOST-01349,Azure_westeurope,88.4,13.23,0.45
HOST-01350,AWS_ap-northeast-1,52.9,11.81,0.64
HOST-01351,AWS_us-east-1,72.3,70.03,0.52
HOST-01352,Azure_westeurope,10.1,20.84,0.45
HOST-01353,AWS_ap-northeast-1,12.0,43.75,0.64
HOST-01354,AWS_us-east-1,33.3,50.85,0.52
HOST-01355,Azure_westeurope,11.6,72.58,0.45
HOST-01356,AWS_ap-northeast-1,93.1,60.14,0.64
HOST-01357,AWS_us-east-1,52.9,105.54,0.52
HOST-01358,Azure_westeurope,54.2,20.52,0.45
HOST-01359,AWS_ap-northeast-1,26.9,26.66,0.64
HOST-01360,AWS_us-east-1,71.9,35.17,0.52
HOST-01361,Azure_westeurope,51.2,36.72,0.45
HOST-01362,AWS_ap-northeast-1,50.2,14.18,0.64
HOST-01363,AWS_us-east-1,34.1,51.87,0.52
HOST-01364,Azure_westeurope,83.0,6.93,0.45
HOST-01365,AWS_ap-northeast-1,45.3,7.41,0.64
HOST-01366,AWS_us-east-1,21.2,138.81,0.52
HOST-01367,Azure_westeurope,24.6,27.4,0.45
HOST-01368,AWS_ap-northeast-1,29.0,21.61,0.64
HOST-01369,AWS_us-east-1,19.5,85.1,0.52
HOST-01370,Azure_westeurope,32.7,102.58,0.45
HOST-01371,AWS_ap-northeast-1,45.1,27.3,0.64
HOST-01372,AWS_us-east-1,37.9,99.81,0.52
HOST-01373,Azure_westeurope,11.6,6.6,0.45
HOST-01374,AWS_ap-northeast-1,72.2,11.4,0.64
HOST-01375,AWS_us-east-1,19.0,43.38,0.52
HOST-01376,Azure_westeurope,34.0,9.31,0.45
HOST-01377,AWS_ap-northeast-1,52.2,49.8,0.64
HOST-01378,AWS_us-east-1,55.2,119.07,0.52
HOST-01379,Azure_westeurope,79.9,68.35,0.45
HOST-01380,AWS_ap-northeast-1,42.2,22.94,0.64
HOST-01381,AWS_us-east-1,10.6,23.39,0.52
HOST-01382,Azure_westeurope,81.8,38.51,0.45
HOST-01383,AWS_ap-northeast-1,44.1,35.96,0.64
HOST-01384,AWS_us-east-1,29.0,10.27,0.52
HOST-01385,Azure_westeurope,66.1,44.28,0.45
HOST-01386,AWS_ap-northeast-1,63.6,192.35,0.64
HOST-01387,AWS_us-east-1,85.4,18.25,0.52
HOST-01388,Azure_westeurope,48.7,19.95,0.45
HOST-01389,AWS_ap-northeast-1,56.8,35.64,0.64
HOST-01390,AWS_us-east-1,24.4,168.39,0.52
HOST-01391,Azure_westeurope,11.8,42.41,0.45
HOST-01392,AWS_ap-northeast-1,61.9,19.19,0.64
HOST-01393,AWS_us-east-1,79.2,23.04,0.52
HOST-01394,Azure_westeurope,94.0,32.37,0.45
HOST-01395,AWS_ap-northeast-1,78.8,30.51,0.64
HOST-01396,AWS_us-east-1,45.6,33.73,0.52
HOST-01397,Azure_westeurope,71.1,40.82,0.45
HOST-01398,AWS_ap-northeast-1,54.5,75.31,0.64
HOST-01399,AWS_us-east-1,25.8,24.71,0.52
HOST-01400,Azure_westeurope,34.4,57.41,0.45
HOST-01401,AWS_ap-northeast-1,72.2,23.11,0.64
HOST-01402,AWS_us-east-1,20.2,42.01,0.52
HOST-01403,Azure_westeurope,61.1,146.94,0.45
HOST-01404,AWS_ap-northeast-1,52.8,23.46,0.64
HOST-01405,AWS_us-east-1,23.0,26.73,0.52
HOST-01406,Azure_westeurope,19.5,6.73,0.45
HOST-01407,AWS_ap-northeast-1,13.3,9.54,0.64
HOST-01408,AWS_us-east-1,37.5,121.61,0.52
HOST-01409,Azure_westeurope,89.8,18.72,0.45
HOST-01410,AWS_ap-northeast-1,18.9,37.66,0.64
HOST-01411,AWS_us-east-1,61.6,61.9,0.52
HOST-01412,Azure_westeurope,15.5,65.12,0.45
HOST-01413,AWS_ap-northeast-1,72.2,6.7,0.64
HOST-01414,AWS_us-east-1,75.2,12.43,0.52
HOST-01415,Azure_westeurope,71.0,115.9,0.45
HOST-01416,AWS_ap-northeast-1,10.1,19.08,0.64
HOST-01417,AWS_us-east-1,54.2,105.27,0.52
HOST-01418,Azure_westeurope,47.2,183.23,0.45
HOST-01419,AWS_ap-northeast-1,44.2,48.62,0.64
HOST-01420,AWS_us-east-1,81.2,101.5,0.52
HOST-01421,Azure_westeurope,17.7,12.62,0.45
HOST-01422,AWS_ap-northeast-1,23.2,8.03,0.64
HOST-01423,AWS_us-east-1,92.7,19.48,0.52
HOST-01424,Azure_westeurope,86.7,14.01,0.45
HOST-01425,AWS_ap-northeast-1,88.9,37.49,0.64
HOST-01426,AWS_us-east-1,92.7,16.75,0.52
HOST-01427,Azure_westeurope,34.7,27.12,0.45
HOST-01428,AWS_ap-northeast-1,46.1,59.93,0.64
HOST-01429,AWS_us-east-1,26.1,23.45,0.52
HOST-01430,Azure_westeurope,11.4,180.89,0.45
HOST-01431,AWS_ap-northeast-1,53.1,44.69,0.64
HOST-01432,AWS_us-east-1,23.0,9.4,0.52
HOST-01433,Azure_westeurope,29.4,115.57,0.45
HOST-01434,AWS_ap-northeast-1,28.2,13.75,0.64
HOST-01435,AWS_us-east-1,52.0,47.3,0.52
HOST-01436,Azure_westeurope,24.9,445.57,0.45
HOST-01437,AWS_ap-northeast-1,94.9,20.59,0.64
HOST-01438,AWS_us-east-1,46.8,25.2,0.52
HOST-01439,Azure_westeurope,76.8,33.81,0.45
HOST-01440,AWS_ap-northeast-1,93.4,87.03,0.64
HOST-01441,AWS_us-east-1,20.9,79.92,0.52
HOST-01442,Azure_westeurope,82.9,12.2,0.45
HOST-01443,AWS_ap-northeast-1,89.9,102.96,0.64
HOST-01444,AWS_us-east-1,81.4,186.66,0.52
HOST-01445,Azure_westeurope,13.6,47.84,0.45
HOST-01446,AWS_ap-northeast-1,57.7,86.52,0.64
HOST-01447,AWS_us-east-1,88.4,93.91,0.52
HOST-01448,Azure_westeurope,84.9,15.9,0.45
HOST-01449,AWS_ap-northeast-1,72.4,65.05,0.64
HOST-01450,AWS_us-east-1,80.0,92.0,0.52
HOST-01451,Azure_westeurope,31.4,62.67,0.45
HOST-01452,AWS_ap-northeast-1,53.8,10.78,0.64
HOST-01453,AWS_us-east-1,12.0,105.03,0.52
HOST-01454,Azure_westeurope,49.6,52.92,0.45
HOST-01455,AWS_ap-northeast-1,12.2,34.88,0.64
HOST-01456,AWS_us-east-1,64.0,9.25,0.52
HOST-01457,Azure_westeurope,88.9,63.13,0.45
HOST-01458,AWS_ap-northeast-1,56.6,149.63,0.64
HOST-01459,AWS_us-east-1,65.8,14.65,0.52
HOST-01460,Azure_westeurope,16.9,59.37,0.45
HOST-01461,AWS_ap-northeast-1,74.1,75.35,0.64
HOST-01462,AWS_us-east-1,88.0,7.63,0.52
HOST-01463,Azure_westeurope,39.5,51.03,0.45
HOST-01464,AWS_ap-northeast-1,27.7,49.03,0.64
HOST-01465,AWS_us-east-1,72.6,86.26,0.52
HOST-01466,Azure_westeurope,67.6,59.45,0.45
HOST-01467,AWS_ap-northeast-1,59.6,77.43,0.64
HOST-01468,AWS_us-east-1,60.9,28.56,0.52
HOST-01469,Azure_westeurope,49.7,8.78,0.45
HOST-01470,AWS_ap-northeast-1,92.1,201.31,0.64
HOST-01471,AWS_us-east-1,67.9,108.9,0.52
HOST-01472,Azure_westeurope,93.8,19.27,0.45
HOST-01473,AWS_ap-northeast-1,22.0,29.12,0.64
HOST-01474,AWS_us-east-1,15.1,10.08,0.52
HOST-01475,Azure_westeurope,10.9,92.61,0.45
HOST-01476,AWS_ap-northeast-1,21.7,99.45,0.64
HOST-01477,AWS_us-east-1,81.7,178.86,0.52
HOST-01478,Azure_westeurope,62.9,45.7,0.45
HOST-01479,AWS_ap-northeast-1,36.9,52.48,0.64
HOST-01480,AWS_us-east-1,19.0,58.95,0.52
HOST-01481,Azure_westeurope,92.1,86.01,0.45
HOST-01482,AWS_ap-northeast-1,92.0,67.42,0.64
HOST-01483,AWS_us-east-1,80.3,75.06,0.52
HOST-01484,Azure_westeurope,33.4,105.7,0.45
HOST-01485,AWS_ap-northeast-1,92.8,5.49,0.64
HOST-01486,AWS_us-east-1,61.4,38.5,0.52
HOST-01487,Azure_westeurope,82.6,52.72,0.45
HOST-01488,AWS_ap-northeast-1,92.9,126.8,0.64
HOST-01489,AWS_us-east-1,89.7,16.66,0.52
HOST-01490,Azure_westeurope,81.7,5.3,0.45
HOST-01491,AWS_ap-northeast-1,50.3,40.39,0.64
HOST-01492,AWS_us-east-1,37.2,81.06,0.52
HOST-01493,Azure_westeurope,40.4,54.76,0.45
HOST-01494,AWS_ap-northeast-1,67.3,40.85,0.64
HOST-01495,AWS_us-east-1,82.5,17.43,0.52
HOST-01496,Azure_westeurope,28.0,20.15,0.45
HOST-01497,AWS_ap-northeast-1,69.7,89.08,0.64
HOST-01498,AWS_us-east-1,75.2,115.28,0.52
HOST-01499,Azure_westeurope,42.8,47.49,0.45
HOST-01500,AWS_ap-northeast-1,48.9,22.5,0.64
HOST-01501,AWS_us-east-1,50.4,23.85,0.52
HOST-01502,Azure_westeurope,39.2,20.73,0.45
HOST-01503,AWS_ap-northeast-1,88.6,75.29,0.64
HOST-01504,AWS_us-east-1,23.6,11.18,0.52
HOST-01505,Azure_westeurope,76.3,152.94,0.45
HOST-01506,AWS_ap-northeast-1,88.5,112.52,0.64
HOST-01507,AWS_us-east-1,12.7,76.95,0.52
HOST-01508,Azure_westeurope,17.9,26.42,0.45
HOST-01509,AWS_ap-northeast-1,68.1,375.64,0.64
HOST-01510,AWS_us-east-1,26.1,76.44,0.52
HOST-01511,Azure_westeurope,68.4,35.85,0.45
HOST-01512,AWS_ap-northeast-1,66.9,64.34,0.64
HOST-01513,AWS_us-east-1,20.0,51.83,0.52
HOST-01514,Azure_westeurope,63.5,25.83,0.45
HOST-01515,AWS_ap-northeast-1,11.0,26.47,0.64
HOST-01516,AWS_us-east-1,74.2,94.68,0.52
HOST-01517,Azure_westeurope,91.0,221.13,0.45
HOST-01518,AWS_ap-northeast-1,52.1,99.75,0.64
HOST-01519,AWS_us-east-1,83.2,30.1,0.52
HOST-01520,Azure_westeurope,44.8,79.7,0.45
HOST-01521,AWS_ap-northeast-1,73.3,42.43,0.64
HOST-01522,AWS_us-east-1,93.0,43.03,0.52
HOST-01523,Azure_westeurope,85.2,51.58,0.45
HOST-01524,AWS_ap-northeast-1,57.4,27.01,0.64
HOST-01525,AWS_us-east-1,21.5,187.37,0.52
HOST-01526,Azure_westeurope,40.9,11.76,0.45
HOST-01527,AWS_ap-northeast-1,15.1,39.1,0.64
HOST-01528,AWS_us-east-1,59.9,38.67,0.52
HOST-01529,Azure_westeurope,13.8,43.25,0.45
HOST-01530,AWS_ap-northeast-1,19.4,128.77,0.64
HOST-01531,AWS_us-east-1,94.0,44.03,0.52
HOST-01532,Azure_westeurope,80.8,189.79,0.45
HOST-01533,AWS_ap-northeast-1,65.7,18.47,0.64
HOST-01534,AWS_us-east-1,18.7,24.8,0.52
HOST-01535,Azure_westeurope,47.2,89.72,0.45
HOST-01536,AWS_ap-northeast-1,14.2,109.53,0.64
HOST-01537,AWS_us-east-1,56.7,96.65,0.52
HOST-01538,Azure_westeurope,47.6,9.12,0.45
HOST-01539,AWS_ap-northeast-1,74.2,7.18,0.64
HOST-01540,AWS_us-east-1,10.6,17.35,0.52
HOST-01541,Azure_westeurope,43.7,31.15,0.45
HOST-01542,AWS_ap-northeast-1,91.5,108.23,0.64
HOST-01543,AWS_us-east-1,91.1,9.87,0.52
HOST-01544,Azure_westeurope,56.5,38.86,0.45
HOST-01545,AWS_ap-northeast-1,51.8,33.69,0.64
HOST-01546,AWS_us-east-1,63.0,23.19,0.52
HOST-01547,Azure_westeurope,62.0,20.08,0.45
HOST-01548,AWS_ap-northeast-1,71.4,130.22,0.64
HOST-01549,AWS_us-east-1,57.6,128.94,0.52
HOST-01550,Azure_westeurope,25.8,70.66,0.45
HOST-01551,AWS_ap-northeast-1,87.4,127.29,0.64
HOST-01552,AWS_us-east-1,60.8,44.18,0.52
HOST-01553,Azure_westeurope,36.7,115.01,0.45
HOST-01554,AWS_ap-northeast-1,13.2,21.56,0.64
HOST-01555,AWS_us-east-1,34.8,88.4,0.52
HOST-01556,Azure_westeurope,67.4,47.56,0.45
HOST-01557,AWS_ap-northeast-1,12.8,70.83,0.64
HOST-01558,AWS_us-east-1,14.8,198.67,0.52
HOST-01559,Azure_westeurope,88.3,125.98,0.45
HOST-01560,AWS_ap-northeast-1,62.7,6.74,0.64
HOST-01561,AWS_us-east-1,86.8,15.18,0.52
HOST-01562,Azure_westeurope,65.3,41.81,0.45
HOST-01563,AWS_ap-northeast-1,93.2,111.06,0.64
HOST-01564,AWS_us-east-1,51.8,34.56,0.52
HOST-01565,Azure_westeurope,29.7,34.48,0.45
HOST-01566,AWS_ap-northeast-1,31.0,61.16,0.64
HOST-01567,AWS_us-east-1,41.8,53.53,0.52
HOST-01568,Azure_westeurope,25.9,48.82,0.45
HOST-01569,AWS_ap-northeast-1,46.7,20.17,0.64
HOST-01570,AWS_us-east-1,81.8,5.97,0.52
HOST-01571,Azure_westeurope,30.4,51.71,0.45
HOST-01572,AWS_ap-northeast-1,51.7,78.88,0.64
HOST-01573,AWS_us-east-1,35.1,15.46,0.52
HOST-01574,Azure_westeurope,68.7,86.21,0.45
HOST-01575,AWS_ap-northeast-1,30.2,30.3,0.64
HOST-01576,AWS_us-east-1,18.0,14.73,0.52
HOST-01577,Azure_westeurope,69.0,13.28,0.45
HOST-01578,AWS_ap-northeast-1,13.7,6.21,0.64
HOST-01579,AWS_us-east-1,81.1,73.38,0.52
HOST-01580,Azure_westeurope,87.2,173.47,0.45
HOST-01581,AWS_ap-northeast-1,53.3,36.24,0.64
HOST-01582,AWS_us-east-1,55.3,13.92,0.52
HOST-01583,Azure_westeurope,41.9,76.08,0.45
HOST-01584,AWS_ap-northeast-1,54.7,60.79,0.64
HOST-01585,AWS_us-east-1,74.8,94.6,0.52
HOST-01586,Azure_westeurope,42.8,5.07,0.45
HOST-01587,AWS_ap-northeast-1,19.1,24.73,0.64
HOST-01588,AWS_us-east-1,46.9,27.26,0.52
HOST-01589,Azure_westeurope,89.1,32.96,0.45
HOST-01590,AWS_ap-northeast-1,80.5,83.36,0.64
HOST-01591,AWS_us-east-1,17.5,73.35,0.52
HOST-01592,Azure_westeurope,25.8,37.19,0.45
HOST-01593,AWS_ap-northeast-1,67.5,6.33,0.64
HOST-01594,AWS_us-east-1,92.6,221.01,0.52
HOST-01595,Azure_westeurope,28.9,12.86,0.45
HOST-01596,AWS_ap-northeast-1,78.8,11.05,0.64
HOST-01597,AWS_us-east-1,55.1,5.97,0.52
HOST-01598,Azure_westeurope,81.8,16.56,0.45
HOST-01599,AWS_ap-northeast-1,77.1,16.43,0.64
HOST-01600,AWS_us-east-1,12.9,64.78,0.52
HOST-01601,Azure_westeurope,81.0,44.66,0.45
HOST-01602,AWS_ap-northeast-1,19.7,60.82,0.64
HOST-01603,AWS_us-east-1,89.6,82.72,0.52
HOST-01604,Azure_westeurope,18.6,26.49,0.45
HOST-01605,AWS_ap-northeast-1,12.2,153.82,0.64
HOST-01606,AWS_us-east-1,23.7,26.34,0.52
HOST-01607,Azure_westeurope,60.6,106.54,0.45
HOST-01608,AWS_ap-northeast-1,50.0,11.12,0.64
HOST-01609,AWS_us-east-1,23.9,94.93,0.52
HOST-01610,Azure_westeurope,80.5,55.42,0.45
HOST-01611,AWS_ap-northeast-1,52.9,14.98,0.64
HOST-01612,AWS_us-east-1,26.8,70.49,0.52
HOST-01613,Azure_westeurope,15.9,35.58,0.45
HOST-01614,AWS_ap-northeast-1,49.4,80.46,0.64
HOST-01615,AWS_us-east-1,46.2,6.5,0.52
HOST-01616,Azure_westeurope,32.0,45.98,0.45
HOST-01617,AWS_ap-northeast-1,75.7,28.18,0.64
HOST-01618,AWS_us-east-1,54.5,153.52,0.52
HOST-01619,Azure_westeurope,90.8,78.22,0.45
HOST-01620,AWS_ap-northeast-1,44.7,15.08,0.64
HOST-01621,AWS_us-east-1,47.6,8.52,0.52
HOST-01622,Azure_westeurope,55.5,7.8,0.45
HOST-01623,AWS_ap-northeast-1,38.1,37.09,0.64
HOST-01624,AWS_us-east-1,35.6,16.44,0.52
HOST-01625,Azure_westeurope,39.5,32.7,0.45
HOST-01626,AWS_ap-northeast-1,65.4,36.73,0.64
HOST-01627,AWS_us-east-1,57.8,60.54,0.52
HOST-01628,Azure_westeurope,41.3,35.84,0.45
HOST-01629,AWS_ap-northeast-1,30.6,43.13,0.64
HOST-01630,AWS_us-east-1,23.4,67.97,0.52
HOST-01631,Azure_westeurope,32.4,32.15,0.45
HOST-01632,AWS_ap-northeast-1,36.8,31.38,0.64
HOST-01633,AWS_us-east-1,91.6,7.59,0.52
HOST-01634,Azure_westeurope,26.5,81.36,0.45
HOST-01635,AWS_ap-northeast-1,84.2,76.1,0.64
HOST-01636,AWS_us-east-1,62.1,97.16,0.52
HOST-01637,Azure_westeurope,40.4,44.23,0.45
HOST-01638,AWS_ap-northeast-1,94.1,28.1,0.64
HOST-01639,AWS_us-east-1,70.5,36.64,0.52
HOST-01640,Azure_westeurope,13.8,70.87,0.45
HOST-01641,AWS_ap-northeast-1,27.8,24.0,0.64
HOST-01642,AWS_us-east-1,13.3,27.21,0.52
HOST-01643,Azure_westeurope,12.0,7.71,0.45
HOST-01644,AWS_ap-northeast-1,26.8,41.18,0.64
HOST-01645,AWS_us-east-1,40.6,65.47,0.52
HOST-01646,Azure_westeurope,59.3,32.32,0.45
HOST-01647,AWS_ap-northeast-1,80.3,98.56,0.64
HOST-01648,AWS_us-east-1,59.5,30.01,0.52
HOST-01649,Azure_westeurope,77.0,71.1,0.45
HOST-01650,AWS_ap-northeast-1,12.4,9.75,0.64
HOST-01651,AWS_us-east-1,69.3,40.15,0.52
HOST-01652,Azure_westeurope,16.7,49.51,0.45
HOST-01653,AWS_ap-northeast-1,25.4,10.99,0.64
HOST-01654,AWS_us-east-1,29.3,11.97,0.52
HOST-01655,Azure_westeurope,57.4,30.63,0.45
HOST-01656,AWS_ap-northeast-1,47.6,8.47,0.64
HOST-01657,AWS_us-east-1,78.3,11.62,0.52
HOST-01658,Azure_westeurope,39.6,265.34,0.45
HOST-01659,AWS_ap-northeast-1,55.9,9.13,0.64
HOST-01660,AWS_us-east-1,36.8,56.87,0.52
HOST-01661,Azure_westeurope,30.6,32.82,0.45
HOST-01662,AWS_ap-northeast-1,47.4,71.47,0.64
HOST-01663,AWS_us-east-1,30.0,165.29,0.52
HOST-01664,Azure_westeurope,75.6,124.99,0.45
HOST-01665,AWS_ap-northeast-1,88.1,89.58,0.64
HOST-01666,AWS_us-east-1,85.1,30.35,0.52
HOST-01667,Azure_westeurope,42.3,23.45,0.45
HOST-01668,AWS_ap-northeast-1,21.1,40.97,0.64
HOST-01669,AWS_us-east-1,32.8,149.26,0.52
HOST-01670,Azure_westeurope,19.3,54.74,0.45
HOST-01671,AWS_ap-northeast-1,19.0,10.63,0.64
HOST-01672,AWS_us-east-1,83.1,39.83,0.52
HOST-01673,Azure_westeurope,40.6,5.35,0.45
HOST-01674,AWS_ap-northeast-1,89.2,82.49,0.64
HOST-01675,AWS_us-east-1,65.4,7.58,0.52
HOST-01676,Azure_westeurope,41.8,188.05,0.45
HOST-01677,AWS_ap-northeast-1,44.4,149.17,0.64
HOST-01678,AWS_us-east-1,67.7,43.23,0.52
HOST-01679,Azure_westeurope,53.7,87.54,0.45
HOST-01680,AWS_ap-northeast-1,44.7,120.72,0.64
HOST-01681,AWS_us-east-1,57.2,100.82,0.52
HOST-01682,Azure_westeurope,13.8,46.02,0.45
HOST-01683,AWS_ap-northeast-1,73.4,79.23,0.64
HOST-01684,AWS_us-east-1,42.5,12.67,0.52
HOST-01685,Azure_westeurope,72.0,30.43,0.45
HOST-01686,AWS_ap-northeast-1,25.0,322.25,0.64
HOST-01687,AWS_us-east-1,73.1,40.92,0.52
HOST-01688,Azure_westeurope,60.8,23.19,0.45
HOST-01689,AWS_ap-northeast-1,15.9,59.95,0.64
HOST-01690,AWS_us-east-1,42.2,23.52,0.52
HOST-01691,Azure_westeurope,78.3,22.06,0.45
HOST-01692,AWS_ap-northeast-1,88.8,41.75,0.64
HOST-01693,AWS_us-east-1,79.2,39.68,0.52
HOST-01694,Azure_westeurope,42.1,9.15,0.45
HOST-01695,AWS_ap-northeast-1,61.6,45.8,0.64
HOST-01696,AWS_us-east-1,59.4,11.22,0.52
HOST-01697,Azure_westeurope,53.6,25.0,0.45
HOST-01698,AWS_ap-northeast-1,11.8,32.34,0.64
HOST-01699,AWS_us-east-1,62.1,13.75,0.52
HOST-01700,Azure_westeurope,91.6,5.67,0.45
HOST-01701,AWS_ap-northeast-1,18.9,51.65,0.64
HOST-01702,AWS_us-east-1,13.1,11.37,0.52
HOST-01703,Azure_westeurope,16.2,15.95,0.45
HOST-01704,AWS_ap-northeast-1,76.2,63.81,0.64
HOST-01705,AWS_us-east-1,62.9,14.45,0.52
HOST-01706,Azure_westeurope,63.9,55.54,0.45
HOST-01707,AWS_ap-northeast-1,46.7,9.12,0.64
HOST-01708,AWS_us-east-1,85.9,30.7,0.52
HOST-01709,Azure_westeurope,34.9,34.61,0.45
HOST-01710,AWS_ap-northeast-1,14.9,89.45,0.64
HOST-01711,AWS_us-east-1,86.9,9.97,0.52
HOST-01712,Azure_westeurope,86.0,121.69,0.45
HOST-01713,AWS_ap-northeast-1,70.4,115.19,0.64
HOST-01714,AWS_us-east-1,56.6,22.58,0.52
HOST-01715,Azure_westeurope,30.9,26.52,0.45
HOST-01716,AWS_ap-northeast-1,70.6,181.79,0.64
HOST-01717,AWS_us-east-1,38.7,60.92,0.52
HOST-01718,Azure_westeurope,19.0,93.73,0.45
HOST-01719,AWS_ap-northeast-1,24.4,37.02,0.64
HOST-01720,AWS_us-east-1,94.9,31.4,0.52
HOST-01721,Azure_westeurope,11.9,31.33,0.45
HOST-01722,AWS_ap-northeast-1,91.1,56.94,0.64
HOST-01723,AWS_us-east-1,63.8,39.14,0.52
HOST-01724,Azure_westeurope,72.3,78.62,0.45
HOST-01725,AWS_ap-northeast-1,11.8,56.3,0.64
HOST-01726,AWS_us-east-1,87.8,93.93,0.52
HOST-01727,Azure_westeurope,40.2,41.99,0.45
HOST-01728,AWS_ap-northeast-1,80.9,11.04,0.64
HOST-01729,AWS_us-east-1,48.1,66.85,0.52
HOST-01730,Azure_westeurope,26.7,82.42,0.45
HOST-01731,AWS_ap-northeast-1,75.7,57.83,0.64
HOST-01732,AWS_us-east-1,63.1,47.06,0.52
HOST-01733,Azure_westeurope,79.9,34.92,0.45
HOST-01734,AWS_ap-northeast-1,69.9,105.45,0.64
HOST-01735,AWS_us-east-1,28.3,53.26,0.52
HOST-01736,Azure_westeurope,21.0,17.72,0.45
HOST-01737,AWS_ap-northeast-1,13.3,10.1,0.64
HOST-01738,AWS_us-east-1,62.8,17.03,0.52
HOST-01739,Azure_westeurope,78.9,27.14,0.45
HOST-01740,AWS_ap-northeast-1,82.7,23.81,0.64
HOST-01741,AWS_us-east-1,15.7,9.1,0.52
HOST-01742,Azure_westeurope,27.4,8.78,0.45
HOST-01743,AWS_ap-northeast-1,25.1,47.08,0.64
HOST-01744,AWS_us-east-1,94.3,33.03,0.52
HOST-01745,Azure_westeurope,66.5,34.7,0.45
HOST-01746,AWS_ap-northeast-1,42.2,112.7,0.64
HOST-01747,AWS_us-east-1,72.1,27.48,0.52
HOST-01748,Azure_westeurope,34.6,12.12,0.45
HOST-01749,AWS_ap-northeast-1,70.5,7.86,0.64
HOST-01750,AWS_us-east-1,10.3,86.33,0.52
HOST-01751,Azure_westeurope,59.7,18.98,0.45
HOST-01752,AWS_ap-northeast-1,14.9,61.52,0.64
HOST-01753,AWS_us-east-1,35.7,9.92,0.52
HOST-01754,Azure_westeurope,51.7,127.04,0.45
HOST-01755,AWS_ap-northeast-1,85.7,28.88,0.64
HOST-01756,AWS_us-east-1,23.0,26.99,0.52
HOST-01757,Azure_westeurope,24.7,24.19,0.45
HOST-01758,AWS_ap-northeast-1,60.0,182.91,0.64
HOST-01759,AWS_us-east-1,54.6,33.68,0.52
HOST-01760,Azure_westeurope,48.1,61.9,0.45
HOST-01761,AWS_ap-northeast-1,39.0,11.36,0.64
HOST-01762,AWS_us-east-1,47.5,121.41,0.52
HOST-01763,Azure_westeurope,54.2,16.46,0.45
HOST-01764,AWS_ap-northeast-1,57.0,62.23,0.64
HOST-01765,AWS_us-east-1,21.0,85.86,0.52
HOST-01766,Azure_westeurope,37.8,38.86,0.45
HOST-01767,AWS_ap-northeast-1,43.1,83.72,0.64
HOST-01768,AWS_us-east-1,54.5,126.31,0.52
HOST-01769,Azure_westeurope,38.9,54.0,0.45
HOST-01770,AWS_ap-northeast-1,26.5,25.4,0.64
HOST-01771,AWS_us-east-1,81.3,53.82,0.52
HOST-01772,Azure_westeurope,58.5,18.05,0.45
HOST-01773,AWS_ap-northeast-1,82.1,78.13,0.64
HOST-01774,AWS_us-east-1,79.7,26.58,0.52
HOST-01775,Azure_westeurope,94.7,24.81,0.45
HOST-01776,AWS_ap-northeast-1,71.7,38.67,0.64
HOST-01777,AWS_us-east-1,38.4,104.47,0.52
HOST-01778,Azure_westeurope,22.1,22.93,0.45
HOST-01779,AWS_ap-northeast-1,58.2,56.45,0.64
HOST-01780,AWS_us-east-1,74.7,12.97,0.52
HOST-01781,Azure_westeurope,80.5,36.06,0.45
HOST-01782,AWS_ap-northeast-1,26.0,130.67,0.64
HOST-01783,AWS_us-east-1,66.1,22.81,0.52
HOST-01784,Azure_westeurope,16.6,17.69,0.45
HOST-01785,AWS_ap-northeast-1,65.5,49.04,0.64
HOST-01786,AWS_us-east-1,48.4,38.04,0.52
HOST-01787,Azure_westeurope,50.5,16.01,0.45
HOST-01788,AWS_ap-northeast-1,24.1,67.23,0.64
HOST-01789,AWS_us-east-1,76.6,11.06,0.52
HOST-01790,Azure_westeurope,56.2,9.65,0.45
HOST-01791,AWS_ap-northeast-1,42.1,12.32,0.64
HOST-01792,AWS_us-east-1,29.3,35.55,0.52
HOST-01793,Azure_westeurope,84.0,41.44,0.45
HOST-01794,AWS_ap-northeast-1,53.7,47.24,0.64
HOST-01795,AWS_us-east-1,51.2,90.92,0.52
HOST-01796,Azure_westeurope,58.2,18.68,0.45
HOST-01797,AWS_ap-northeast-1,63.8,39.1,0.64
HOST-01798,AWS_us-east-1,51.4,42.84,0.52
HOST-01799,Azure_westeurope,20.5,13.27,0.45
HOST-01800,AWS_ap-northeast-1,56.8,12.69,0.64
HOST-01801,AWS_us-east-1,60.4,23.55,0.52
HOST-01802,Azure_westeurope,90.2,11.57,0.45
HOST-01803,AWS_ap-northeast-1,72.9,16.69,0.64
HOST-01804,AWS_us-east-1,30.4,147.27,0.52
HOST-01805,Azure_westeurope,32.7,7.49,0.45
HOST-01806,AWS_ap-northeast-1,82.8,136.89,0.64
HOST-01807,AWS_us-east-1,40.7,216.7,0.52
HOST-01808,Azure_westeurope,62.5,35.15,0.45
HOST-01809,AWS_ap-northeast-1,72.2,36.2,0.64
HOST-01810,AWS_us-east-1,15.1,215.12,0.52
HOST-01811,Azure_westeurope,43.9,40.64,0.45
HOST-01812,AWS_ap-northeast-1,70.3,22.37,0.64
HOST-01813,AWS_us-east-1,91.4,10.67,0.52
HOST-01814,Azure_westeurope,20.8,42.89,0.45
HOST-01815,AWS_ap-northeast-1,16.3,166.68,0.64
HOST-01816,AWS_us-east-1,94.1,104.82,0.52
HOST-01817,Azure_westeurope,78.4,79.88,0.45
HOST-01818,AWS_ap-northeast-1,76.5,32.75,0.64
HOST-01819,AWS_us-east-1,10.5,103.12,0.52
HOST-01820,Azure_westeurope,84.8,23.34,0.45
HOST-01821,AWS_ap-northeast-1,91.8,7.95,0.64
HOST-01822,AWS_us-east-1,33.8,9.28,0.52
HOST-01823,Azure_westeurope,70.5,151.52,0.45
HOST-01824,AWS_ap-northeast-1,76.3,32.95,0.64
HOST-01825,AWS_us-east-1,31.2,197.73,0.52
HOST-01826,Azure_westeurope,83.8,78.45,0.45
HOST-01827,AWS_ap-northeast-1,91.2,74.42,0.64
HOST-01828,AWS_us-east-1,28.1,82.51,0.52
HOST-01829,Azure_westeurope,75.9,5.87,0.45
HOST-01830,AWS_ap-northeast-1,72.5,6.49,0.64
HOST-01831,AWS_us-east-1,94.9,95.96,0.52
HOST-01832,Azure_westeurope,14.6,10.6,0.45
HOST-01833,AWS_ap-northeast-1,40.9,10.94,0.64
HOST-01834,AWS_us-east-1,67.3,24.75,0.52
HOST-01835,Azure_westeurope,69.0,43.11,0.45
HOST-01836,AWS_ap-northeast-1,19.4,13.03,0.64
HOST-01837,AWS_us-east-1,81.3,55.61,0.52
HOST-01838,Azure_westeurope,77.3,23.55,0.45
HOST-01839,AWS_ap-northeast-1,31.5,11.43,0.64
HOST-01840,AWS_us-east-1,31.8,24.86,0.52
HOST-01841,Azure_westeurope,92.0,39.14,0.45
HOST-01842,AWS_ap-northeast-1,22.5,38.4,0.64
HOST-01843,AWS_us-east-1,68.0,49.02,0.52
HOST-01844,Azure_westeurope,52.5,12.76,0.45
HOST-01845,AWS_ap-northeast-1,34.1,34.39,0.64
HOST-01846,AWS_us-east-1,44.3,16.23,0.52
HOST-01847,Azure_westeurope,94.1,24.05,0.45
HOST-01848,AWS_ap-northeast-1,45.4,6.12,0.64
HOST-01849,AWS_us-east-1,44.9,86.0,0.52
HOST-01850,Azure_westeurope,54.4,122.0,0.45
HOST-01851,AWS_ap-northeast-1,56.1,12.06,0.64
HOST-01852,AWS_us-east-1,45.2,27.16,0.52
HOST-01853,Azure_westeurope,67.7,137.27,0.45
HOST-01854,AWS_ap-northeast-1,36.5,21.69,0.64
HOST-01855,AWS_us-east-1,61.4,54.8,0.52
HOST-01856,Azure_westeurope,11.6,22.83,0.45
HOST-01857,AWS_ap-northeast-1,54.4,29.73,0.64
HOST-01858,AWS_us-east-1,19.2,70.48,0.52
HOST-01859,Azure_westeurope,50.9,7.6,0.45
HOST-01860,AWS_ap-northeast-1,40.8,44.84,0.64
HOST-01861,AWS_us-east-1,88.6,24.32,0.52
HOST-01862,Azure_westeurope,68.3,96.86,0.45
HOST-01863,AWS_ap-northeast-1,83.7,32.8,0.64
HOST-01864,AWS_us-east-1,91.2,30.27,0.52
HOST-01865,Azure_westeurope,79.6,29.64,0.45
HOST-01866,AWS_ap-northeast-1,30.1,11.19,0.64
HOST-01867,AWS_us-east-1,55.7,44.27,0.52
HOST-01868,Azure_westeurope,69.2,59.75,0.45
HOST-01869,AWS_ap-northeast-1,58.9,38.9,0.64
HOST-01870,AWS_us-east-1,17.1,136.74,0.52
HOST-01871,Azure_westeurope,70.0,60.74,0.45
HOST-01872,AWS_ap-northeast-1,45.0,31.45,0.64
HOST-01873,AWS_us-east-1,14.0,7.6,0.52
HOST-01874,Azure_westeurope,51.0,83.76,0.45
HOST-01875,AWS_ap-northeast-1,38.2,82.21,0.64
HOST-01876,AWS_us-east-1,44.9,139.89,0.52
HOST-01877,Azure_westeurope,30.4,17.86,0.45
HOST-01878,AWS_ap-northeast-1,62.8,23.75,0.64
HOST-01879,AWS_us-east-1,80.5,9.79,0.52
HOST-01880,Azure_westeurope,64.5,22.97,0.45
HOST-01881,AWS_ap-northeast-1,25.7,69.3,0.64
HOST-01882,AWS_us-east-1,10.5,39.28,0.52
HOST-01883,Azure_westeurope,16.2,67.96,0.45
HOST-01884,AWS_ap-northeast-1,69.5,18.3,0.64
HOST-01885,AWS_us-east-1,53.5,5.67,0.52
HOST-01886,Azure_westeurope,76.4,180.84,0.45
HOST-01887,AWS_ap-northeast-1,35.4,8.17,0.64
HOST-01888,AWS_us-east-1,88.2,125.77,0.52
HOST-01889,Azure_westeurope,53.0,13.74,0.45
HOST-01890,AWS_ap-northeast-1,69.2,58.44,0.64
HOST-01891,AWS_us-east-1,78.0,99.79,0.52
HOST-01892,Azure_westeurope,66.7,39.82,0.45
HOST-01893,AWS_ap-northeast-1,53.1,66.66,0.64
HOST-01894,AWS_us-east-1,24.7,179.83,0.52
HOST-01895,Azure_westeurope,47.9,25.4,0.45
HOST-01896,AWS_ap-northeast-1,57.3,124.57,0.64
HOST-01897,AWS_us-east-1,82.2,131.48,0.52
HOST-01898,Azure_westeurope,37.5,14.09,0.45
HOST-01899,AWS_ap-northeast-1,82.8,25.01,0.64
HOST-01900,AWS_us-east-1,69.4,23.75,0.52
HOST-01901,Azure_westeurope,88.6,115.77,0.45
HOST-01902,AWS_ap-northeast-1,26.2,51.76,0.64
HOST-01903,AWS_us-east-1,55.6,8.41,0.52
HOST-01904,Azure_westeurope,13.8,15.69,0.45
HOST-01905,AWS_ap-northeast-1,89.4,10.4,0.64
HOST-01906,AWS_us-east-1,66.5,71.76,0.52
HOST-01907,Azure_westeurope,45.7,61.72,0.45
HOST-01908,AWS_ap-northeast-1,26.4,9.52,0.64
HOST-01909,AWS_us-east-1,32.5,7.0,0.52
HOST-01910,Azure_westeurope,52.6,40.64,0.45
HOST-01911,AWS_ap-northeast-1,39.4,113.57,0.64
HOST-01912,AWS_us-east-1,59.4,24.49,0.52
HOST-01913,Azure_westeurope,78.7,60.5,0.45
HOST-01914,AWS_ap-northeast-1,56.2,28.15,0.64
HOST-01915,AWS_us-east-1,51.4,48.3,0.52
HOST-01916,Azure_westeurope,86.1,34.73,0.45
HOST-01917,AWS_ap-northeast-1,64.2,10.61,0.64
HOST-01918,AWS_us-east-1,21.8,10.57,0.52
HOST-01919,Azure_westeurope,23.1,44.47,0.45
HOST-01920,AWS_ap-northeast-1,29.9,18.16,0.64
HOST-01921,AWS_us-east-1,22.2,68.99,0.52
HOST-01922,Azure_westeurope,26.1,51.22,0.45
HOST-01923,AWS_ap-northeast-1,26.1,67.42,0.64
HOST-01924,AWS_us-east-1,39.6,59.55,0.52
HOST-01925,Azure_westeurope,39.7,164.17,0.45
HOST-01926,AWS_ap-northeast-1,92.4,9.24,0.64
HOST-01927,AWS_us-east-1,68.1,30.85,0.52
HOST-01928,Azure_westeurope,60.8,20.4,0.45
HOST-01929,AWS_ap-northeast-1,65.7,66.27,0.64
HOST-01930,AWS_us-east-1,65.3,11.87,0.52
HOST-01931,Azure_westeurope,69.6,198.26,0.45
HOST-01932,AWS_ap-northeast-1,84.2,9.77,0.64
HOST-01933,AWS_us-east-1,51.3,221.24,0.52
HOST-01934,Azure_westeurope,11.4,112.99,0.45
HOST-01935,AWS_ap-northeast-1,41.6,79.29,0.64
HOST-01936,AWS_us-east-1,30.5,12.84,0.52
HOST-01937,Azure_westeurope,61.6,32.92,0.45
HOST-01938,AWS_ap-northeast-1,69.3,40.85,0.64
HOST-01939,AWS_us-east-1,82.8,26.19,0.52
HOST-01940,Azure_westeurope,80.3,186.88,0.45
HOST-01941,AWS_ap-northeast-1,12.3,10.78,0.64
HOST-01942,AWS_us-east-1,13.0,19.34,0.52
HOST-01943,Azure_westeurope,75.1,127.63,0.45
HOST-01944,AWS_ap-northeast-1,33.8,32.8,0.64
HOST-01945,AWS_us-east-1,58.2,21.22,0.52
HOST-01946,Azure_westeurope,89.9,20.92,0.45
HOST-01947,AWS_ap-northeast-1,51.3,10.08,0.64
HOST-01948,AWS_us-east-1,20.9,138.8,0.52
HOST-01949,Azure_westeurope,58.9,10.37,0.45
HOST-01950,AWS_ap-northeast-1,72.7,78.3,0.64
HOST-01951,AWS_us-east-1,76.1,15.32,0.52
HOST-01952,Azure_westeurope,80.7,5.66,0.45
HOST-01953,AWS_ap-northeast-1,38.0,53.77,0.64
HOST-01954,AWS_us-east-1,93.3,31.57,0.52
HOST-01955,Azure_westeurope,42.3,8.0,0.45
HOST-01956,AWS_ap-northeast-1,32.0,32.16,0.64
HOST-01957,AWS_us-east-1,80.2,100.0,0.52
HOST-01958,Azure_westeurope,89.6,5.01,0.45
HOST-01959,AWS_ap-northeast-1,87.3,25.62,0.64
HOST-01960,AWS_us-east-1,65.6,49.77,0.52
HOST-01961,Azure_westeurope,86.7,42.2,0.45
HOST-01962,AWS_ap-northeast-1,46.9,104.86,0.64
HOST-01963,AWS_us-east-1,74.1,10.29,0.52
HOST-01964,Azure_westeurope,91.3,25.23,0.45
HOST-01965,AWS_ap-northeast-1,80.9,78.48,0.64
HOST-01966,AWS_us-east-1,15.1,66.7,0.52
HOST-01967,Azure_westeurope,38.5,66.88,0.45
HOST-01968,AWS_ap-northeast-1,79.6,16.08,0.64
HOST-01969,AWS_us-east-1,38.6,26.5,0.52
HOST-01970,Azure_westeurope,55.4,89.95,0.45
HOST-01971,AWS_ap-northeast-1,47.7,19.63,0.64
HOST-01972,AWS_us-east-1,93.8,6.23,0.52
HOST-01973,Azure_westeurope,21.8,5.22,0.45
HOST-01974,AWS_ap-northeast-1,32.5,19.81,0.64
HOST-01975,AWS_us-east-1,13.8,204.62,0.52
HOST-01976,Azure_westeurope,59.5,143.66,0.45
HOST-01977,AWS_ap-northeast-1,11.0,21.63,0.64
HOST-01978,AWS_us-east-1,33.0,26.88,0.52
HOST-01979,Azure_westeurope,23.8,47.96,0.45
HOST-01980,AWS_ap-northeast-1,45.6,131.34,0.64
HOST-01981,AWS_us-east-1,93.6,27.14,0.52
HOST-01982,Azure_westeurope,90.0,19.41,0.45
HOST-01983,AWS_ap-northeast-1,30.0,79.12,0.64
HOST-01984,AWS_us-east-1,59.9,13.57,0.52
HOST-01985,Azure_westeurope,62.2,14.58,0.45
HOST-01986,AWS_ap-northeast-1,45.5,62.21,0.64
HOST-01987,AWS_us-east-1,74.4,102.35,0.52
HOST-01988,Azure_westeurope,61.0,36.53,0.45
HOST-01989,AWS_ap-northeast-1,22.0,16.11,0.64
HOST-01990,AWS_us-east-1,38.9,20.06,0.52
HOST-01991,Azure_westeurope,66.1,58.52,0.45
HOST-01992,AWS_ap-northeast-1,55.8,192.49,0.64
HOST-01993,AWS_us-east-1,47.0,25.53,0.52
HOST-01994,Azure_westeurope,43.8,63.35,0.45
HOST-01995,AWS_ap-northeast-1,46.6,25.86,0.64
HOST-01996,AWS_us-east-1,43.3,12.85,0.52
HOST-01997,Azure_westeurope,85.0,101.36,0.45
HOST-01998,AWS_ap-northeast-1,47.9,25.63,0.64
HOST-01999,AWS_us-east-1,48.8,205.81,0.52
HOST-02000,Azure_westeurope,89.6,40.58,0.45
HOST-02001,AWS_ap-northeast-1,59.4,136.84,0.64
HOST-02002,AWS_us-east-1,12.1,134.24,0.52
HOST-02003,Azure_westeurope,53.2,45.07,0.45
HOST-02004,AWS_ap-northeast-1,38.4,32.35,0.64
HOST-02005,AWS_us-east-1,21.0,97.27,0.52
HOST-02006,Azure_westeurope,91.0,118.35,0.45
HOST-02007,AWS_ap-northeast-1,35.0,28.72,0.64
HOST-02008,AWS_us-east-1,29.6,15.65,0.52
HOST-02009,Azure_westeurope,80.8,101.5,0.45
HOST-02010,AWS_ap-northeast-1,71.3,5.96,0.64
HOST-02011,AWS_us-east-1,33.6,15.89,0.52
HOST-02012,Azure_westeurope,85.8,111.91,0.45
HOST-02013,AWS_ap-northeast-1,84.3,35.45,0.64
HOST-02014,AWS_us-east-1,29.1,18.82,0.52
HOST-02015,Azure_westeurope,24.6,6.71,0.45
HOST-02016,AWS_ap-northeast-1,47.2,83.02,0.64
HOST-02017,AWS_us-east-1,41.9,78.33,0.52
HOST-02018,Azure_westeurope,79.0,15.23,0.45
HOST-02019,AWS_ap-northeast-1,93.1,9.04,0.64
HOST-02020,AWS_us-east-1,75.3,14.17,0.52
HOST-02021,Azure_westeurope,44.4,68.01,0.45
HOST-02022,AWS_ap-northeast-1,44.3,74.79,0.64
HOST-02023,AWS_us-east-1,81.4,62.67,0.52
HOST-02024,Azure_westeurope,46.2,6.7,0.45
HOST-02025,AWS_ap-northeast-1,63.6,67.42,0.64
HOST-02026,AWS_us-east-1,75.6,40.54,0.52
HOST-02027,Azure_westeurope,55.0,13.54,0.45
HOST-02028,AWS_ap-northeast-1,23.4,32.68,0.64
HOST-02029,AWS_us-east-1,39.1,52.32,0.52
HOST-02030,Azure_westeurope,67.3,53.82,0.45
HOST-02031,AWS_ap-northeast-1,19.3,21.88,0.64
HOST-02032,AWS_us-east-1,32.5,70.19,0.52
HOST-02033,Azure_westeurope,83.8,34.71,0.45
HOST-02034,AWS_ap-northeast-1,18.8,105.33,0.64
HOST-02035,AWS_us-east-1,56.7,14.35,0.52
HOST-02036,Azure_westeurope,60.0,60.81,0.45
HOST-02037,AWS_ap-northeast-1,66.6,24.57,0.64
HOST-02038,AWS_us-east-1,57.5,140.85,0.52
HOST-02039,Azure_westeurope,75.7,77.5,0.45
HOST-02040,AWS_ap-northeast-1,85.9,32.39,0.64
HOST-02041,AWS_us-east-1,51.3,31.29,0.52
HOST-02042,Azure_westeurope,72.2,33.38,0.45
HOST-02043,AWS_ap-northeast-1,64.7,92.51,0.64
HOST-02044,AWS_us-east-1,38.8,71.18,0.52
HOST-02045,Azure_westeurope,74.4,39.99,0.45
HOST-02046,AWS_ap-northeast-1,47.5,289.9,0.64
HOST-02047,AWS_us-east-1,56.4,59.86,0.52
HOST-02048,Azure_westeurope,45.0,40.21,0.45
HOST-02049,AWS_ap-northeast-1,24.8,27.41,0.64
HOST-02050,AWS_us-east-1,79.6,114.96,0.52
HOST-02051,Azure_westeurope,87.2,88.14,0.45
HOST-02052,AWS_ap-northeast-1,37.2,17.67,0.64
HOST-02053,AWS_us-east-1,92.9,29.82,0.52
HOST-02054,Azure_westeurope,43.7,6.78,0.45
HOST-02055,AWS_ap-northeast-1,90.7,94.17,0.64
HOST-02056,AWS_us-east-1,34.7,36.67,0.52
HOST-02057,Azure_westeurope,92.7,15.97,0.45
HOST-02058,AWS_ap-northeast-1,82.6,41.78,0.64
HOST-02059,AWS_us-east-1,94.8,29.84,0.52
HOST-02060,Azure_westeurope,80.0,65.07,0.45
HOST-02061,AWS_ap-northeast-1,35.1,189.25,0.64
HOST-02062,AWS_us-east-1,60.3,9.96,0.52
HOST-02063,Azure_westeurope,88.6,95.07,0.45
HOST-02064,AWS_ap-northeast-1,33.3,51.04,0.64
HOST-02065,AWS_us-east-1,12.8,5.97,0.52
HOST-02066,Azure_westeurope,31.4,14.11,0.45
HOST-02067,AWS_ap-northeast-1,68.8,82.62,0.64
HOST-02068,AWS_us-east-1,47.1,5.97,0.52
HOST-02069,Azure_westeurope,40.3,134.08,0.45
HOST-02070,AWS_ap-northeast-1,19.9,183.3,0.64
HOST-02071,AWS_us-east-1,76.8,105.4,0.52
HOST-02072,Azure_westeurope,32.6,14.77,0.45
HOST-02073,AWS_ap-northeast-1,68.3,31.88,0.64
HOST-02074,AWS_us-east-1,55.4,51.44,0.52
HOST-02075,Azure_westeurope,81.8,71.17,0.45
HOST-02076,AWS_ap-northeast-1,21.2,41.92,0.64
HOST-02077,AWS_us-east-1,29.9,57.4,0.52
HOST-02078,Azure_westeurope,36.0,149.43,0.45
HOST-02079,AWS_ap-northeast-1,93.2,15.14,0.64
HOST-02080,AWS_us-east-1,43.0,20.36,0.52
HOST-02081,Azure_westeurope,69.7,111.86,0.45
HOST-02082,AWS_ap-northeast-1,74.8,21.64,0.64
HOST-02083,AWS_us-east-1,89.8,270.55,0.52
HOST-02084,Azure_westeurope,73.2,19.39,0.45
HOST-02085,AWS_ap-northeast-1,40.9,41.34,0.64
HOST-02086,AWS_us-east-1,15.4,215.68,0.52
HOST-02087,Azure_westeurope,74.1,108.98,0.45
HOST-02088,AWS_ap-northeast-1,45.9,11.48,0.64
HOST-02089,AWS_us-east-1,66.2,6.54,0.52
HOST-02090,Azure_westeurope,39.8,70.34,0.45
HOST-02091,AWS_ap-northeast-1,74.4,16.76,0.64
HOST-02092,AWS_us-east-1,22.9,5.14,0.52
HOST-02093,Azure_westeurope,17.8,21.4,0.45
HOST-02094,AWS_ap-northeast-1,76.9,5.01,0.64
HOST-02095,AWS_us-east-1,48.0,166.3,0.52
HOST-02096,Azure_westeurope,42.4,58.21,0.45
HOST-02097,AWS_ap-northeast-1,40.4,109.7,0.64
HOST-02098,AWS_us-east-1,56.8,27.19,0.52
HOST-02099,Azure_westeurope,60.6,6.9,0.45
HOST-02100,AWS_ap-northeast-1,65.6,64.9,0.64
HOST-02101,AWS_us-east-1,73.9,17.24,0.52
HOST-02102,Azure_westeurope,40.4,80.56,0.45
HOST-02103,AWS_ap-northeast-1,17.1,184.62,0.64
HOST-02104,AWS_us-east-1,39.3,5.52,0.52
HOST-02105,Azure_westeurope,59.4,7.85,0.45
HOST-02106,AWS_ap-northeast-1,62.4,40.3,0.64
HOST-02107,AWS_us-east-1,84.4,80.28,0.52
HOST-02108,Azure_westeurope,82.1,40.23,0.45
HOST-02109,AWS_ap-northeast-1,52.3,33.2,0.64
HOST-02110,AWS_us-east-1,14.1,10.66,0.52
HOST-02111,Azure_westeurope,55.0,26.99,0.45
HOST-02112,AWS_ap-northeast-1,84.4,18.2,0.64
HOST-02113,AWS_us-east-1,19.6,31.37,0.52
HOST-02114,Azure_westeurope,50.6,136.7,0.45
HOST-02115,AWS_ap-northeast-1,77.1,25.32,0.64
HOST-02116,AWS_us-east-1,53.2,97.3,0.52
HOST-02117,Azure_westeurope,89.9,88.0,0.45
HOST-02118,AWS_ap-northeast-1,87.1,20.77,0.64
HOST-02119,AWS_us-east-1,92.2,6.19,0.52
HOST-02120,Azure_westeurope,67.5,30.59,0.45
HOST-02121,AWS_ap-northeast-1,24.5,22.07,0.64
HOST-02122,AWS_us-east-1,15.2,12.07,0.52
HOST-02123,Azure_westeurope,10.0,93.81,0.45
HOST-02124,AWS_ap-northeast-1,57.2,28.1,0.64
HOST-02125,AWS_us-east-1,84.7,92.94,0.52
HOST-02126,Azure_westeurope,86.1,8.79,0.45
HOST-02127,AWS_ap-northeast-1,50.7,7.78,0.64
HOST-02128,AWS_us-east-1,94.3,13.95,0.52
HOST-02129,Azure_westeurope,66.3,31.09,0.45
HOST-02130,AWS_ap-northeast-1,84.5,108.96,0.64
HOST-02131,AWS_us-east-1,31.8,34.14,0.52
HOST-02132,Azure_westeurope,49.7,41.8,0.45
HOST-02133,AWS_ap-northeast-1,48.9,46.98,0.64
HOST-02134,AWS_us-east-1,68.6,61.89,0.52
HOST-02135,Azure_westeurope,67.0,130.42,0.45
HOST-02136,AWS_ap-northeast-1,91.3,12.88,0.64
HOST-02137,AWS_us-east-1,10.4,137.28,0.52
HOST-02138,Azure_westeurope,12.8,85.72,0.45
HOST-02139,AWS_ap-northeast-1,76.3,110.99,0.64
HOST-02140,AWS_us-east-1,52.3,22.22,0.52
HOST-02141,Azure_westeurope,56.0,11.21,0.45
HOST-02142,AWS_ap-northeast-1,34.1,24.46,0.64
HOST-02143,AWS_us-east-1,20.2,112.85,0.52
HOST-02144,Azure_westeurope,15.2,19.91,0.45
HOST-02145,AWS_ap-northeast-1,30.9,9.14,0.64
HOST-02146,AWS_us-east-1,18.8,15.42,0.52
HOST-02147,Azure_westeurope,59.1,150.06,0.45
HOST-02148,AWS_ap-northeast-1,23.6,29.57,0.64
HOST-02149,AWS_us-east-1,25.7,40.22,0.52
HOST-02150,Azure_westeurope,67.6,193.85,0.45
HOST-02151,AWS_ap-northeast-1,87.1,83.49,0.64
HOST-02152,AWS_us-east-1,11.9,56.25,0.52
HOST-02153,Azure_westeurope,13.7,6.4,0.45
HOST-02154,AWS_ap-northeast-1,11.6,21.34,0.64
HOST-02155,AWS_us-east-1,54.0,27.38,0.52
HOST-02156,Azure_westeurope,88.6,76.84,0.45
HOST-02157,AWS_ap-northeast-1,11.4,5.79,0.64
HOST-02158,AWS_us-east-1,56.1,35.76,0.52
HOST-02159,Azure_westeurope,55.2,55.76,0.45
HOST-02160,AWS_ap-northeast-1,51.5,41.71,0.64
HOST-02161,AWS_us-east-1,47.5,68.25,0.52
HOST-02162,Azure_westeurope,66.2,10.08,0.45
HOST-02163,AWS_ap-northeast-1,89.3,59.62,0.64
HOST-02164,AWS_us-east-1,13.6,54.24,0.52
HOST-02165,Azure_westeurope,56.4,224.82,0.45
HOST-02166,AWS_ap-northeast-1,46.8,16.62,0.64
HOST-02167,AWS_us-east-1,25.6,13.93,0.52
HOST-02168,Azure_westeurope,65.6,70.1,0.45
HOST-02169,AWS_ap-northeast-1,18.4,58.33,0.64
HOST-02170,AWS_us-east-1,31.6,7.11,0.52
HOST-02171,Azure_westeurope,44.3,54.29,0.45
HOST-02172,AWS_ap-northeast-1,95.0,39.57,0.64
HOST-02173,AWS_us-east-1,91.9,15.43,0.52
HOST-02174,Azure_westeurope,31.2,9.95,0.45
HOST-02175,AWS_ap-northeast-1,81.3,88.32,0.64
HOST-02176,AWS_us-east-1,87.4,51.12,0.52
HOST-02177,Azure_westeurope,69.6,54.37,0.45
HOST-02178,AWS_ap-northeast-1,88.2,24.17,0.64
HOST-02179,AWS_us-east-1,52.7,18.53,0.52
HOST-02180,Azure_westeurope,27.4,50.1,0.45
HOST-02181,AWS_ap-northeast-1,60.0,97.06,0.64
HOST-02182,AWS_us-east-1,26.4,15.57,0.52
HOST-02183,Azure_westeurope,13.1,87.84,0.45
HOST-02184,AWS_ap-northeast-1,46.7,48.65,0.64
HOST-02185,AWS_us-east-1,11.3,38.1,0.52
HOST-02186,Azure_westeurope,52.6,22.04,0.45
HOST-02187,AWS_ap-northeast-1,83.2,153.75,0.64
HOST-02188,AWS_us-east-1,29.2,93.65,0.52
HOST-02189,Azure_westeurope,33.1,41.96,0.45
HOST-02190,AWS_ap-northeast-1,94.8,20.15,0.64
HOST-02191,AWS_us-east-1,87.4,87.13,0.52
HOST-02192,Azure_westeurope,64.7,20.17,0.45
HOST-02193,AWS_ap-northeast-1,55.4,15.7,0.64
HOST-02194,AWS_us-east-1,76.1,7.93,0.52
HOST-02195,Azure_westeurope,66.3,12.11,0.45
HOST-02196,AWS_ap-northeast-1,28.2,18.23,0.64
HOST-02197,AWS_us-east-1,58.9,56.09,0.52
HOST-02198,Azure_westeurope,73.6,51.47,0.45
HOST-02199,AWS_ap-northeast-1,55.6,26.73,0.64
HOST-02200,AWS_us-east-1,23.2,21.01,0.52
HOST-02201,Azure_westeurope,28.6,170.99,0.45
HOST-02202,AWS_ap-northeast-1,20.0,39.65,0.64
HOST-02203,AWS_us-east-1,23.4,62.48,0.52
HOST-02204,Azure_westeurope,82.8,82.41,0.45
HOST-02205,AWS_ap-northeast-1,22.0,42.0,0.64
HOST-02206,AWS_us-east-1,49.8,67.19,0.52
HOST-02207,Azure_westeurope,38.3,47.3,0.45
HOST-02208,AWS_ap-northeast-1,74.2,45.27,0.64
HOST-02209,AWS_us-east-1,10.3,42.56,0.52
HOST-02210,Azure_westeurope,35.4,133.17,0.45
HOST-02211,AWS_ap-northeast-1,26.3,62.98,0.64
HOST-02212,AWS_us-east-1,15.0,11.87,0.52
HOST-02213,Azure_westeurope,57.4,89.13,0.45
HOST-02214,AWS_ap-northeast-1,85.4,42.03,0.64
HOST-02215,AWS_us-east-1,88.6,35.09,0.52
HOST-02216,Azure_westeurope,22.1,158.86,0.45
HOST-02217,AWS_ap-northeast-1,31.5,20.68,0.64
HOST-02218,AWS_us-east-1,67.5,66.05,0.52
HOST-02219,Azure_westeurope,45.7,39.36,0.45
HOST-02220,AWS_ap-northeast-1,14.7,50.07,0.64
HOST-02221,AWS_us-east-1,38.1,29.12,0.52
HOST-02222,Azure_westeurope,16.8,49.35,0.45
HOST-02223,AWS_ap-northeast-1,87.2,5.38,0.64
HOST-02224,AWS_us-east-1,80.4,57.63,0.52
HOST-02225,Azure_westeurope,51.2,17.82,0.45
HOST-02226,AWS_ap-northeast-1,19.4,85.72,0.64
HOST-02227,AWS_us-east-1,21.1,148.43,0.52
HOST-02228,Azure_westeurope,25.0,107.21,0.45
HOST-02229,AWS_ap-northeast-1,72.7,50.26,0.64
HOST-02230,AWS_us-east-1,20.5,9.84,0.52
HOST-02231,Azure_westeurope,23.5,169.34,0.45
HOST-02232,AWS_ap-northeast-1,68.1,18.0,0.64
HOST-02233,AWS_us-east-1,34.4,28.25,0.52
HOST-02234,Azure_westeurope,77.0,75.51,0.45
HOST-02235,AWS_ap-northeast-1,51.7,51.55,0.64
HOST-02236,AWS_us-east-1,18.9,52.27,0.52
HOST-02237,Azure_westeurope,77.5,6.55,0.45
HOST-02238,AWS_ap-northeast-1,47.8,15.59,0.64
HOST-02239,AWS_us-east-1,39.4,7.27,0.52
HOST-02240,Azure_westeurope,35.9,102.84,0.45
HOST-02241,AWS_ap-northeast-1,29.3,7.31,0.64
HOST-02242,AWS_us-east-1,18.9,31.62,0.52
HOST-02243,Azure_westeurope,79.6,22.56,0.45
HOST-02244,AWS_ap-northeast-1,38.7,30.63,0.64
HOST-02245,AWS_us-east-1,30.8,52.66,0.52
HOST-02246,Azure_westeurope,28.2,73.04,0.45
HOST-02247,AWS_ap-northeast-1,13.5,122.38,0.64
HOST-02248,AWS_us-east-1,33.8,11.08,0.52
HOST-02249,Azure_westeurope,70.0,25.58,0.45
HOST-02250,AWS_ap-northeast-1,11.3,28.43,0.64
HOST-02251,AWS_us-east-1,65.3,163.02,0.52
HOST-02252,Azure_westeurope,41.9,14.87,0.45
HOST-02253,AWS_ap-northeast-1,22.4,90.98,0.64
HOST-02254,AWS_us-east-1,20.5,46.81,0.52
HOST-02255,Azure_westeurope,22.5,67.64,0.45
HOST-02256,AWS_ap-northeast-1,58.0,91.76,0.64
HOST-02257,AWS_us-east-1,68.2,25.27,0.52
HOST-02258,Azure_westeurope,66.6,45.32,0.45
HOST-02259,AWS_ap-northeast-1,93.8,31.0,0.64
HOST-02260,AWS_us-east-1,21.0,6.43,0.52
HOST-02261,Azure_westeurope,15.1,6.57,0.45
HOST-02262,AWS_ap-northeast-1,66.0,18.03,0.64
HOST-02263,AWS_us-east-1,37.7,18.32,0.52
HOST-02264,Azure_westeurope,33.6,40.2,0.45
HOST-02265,AWS_ap-northeast-1,77.2,139.02,0.64
HOST-02266,AWS_us-east-1,14.3,28.36,0.52
HOST-02267,Azure_westeurope,19.2,37.39,0.45
HOST-02268,AWS_ap-northeast-1,88.2,29.48,0.64
HOST-02269,AWS_us-east-1,27.6,44.71,0.52
HOST-02270,Azure_westeurope,93.4,117.8,0.45
HOST-02271,AWS_ap-northeast-1,46.2,23.9,0.64
HOST-02272,AWS_us-east-1,21.7,105.15,0.52
HOST-02273,Azure_westeurope,13.7,19.97,0.45
HOST-02274,AWS_ap-northeast-1,39.4,34.94,0.64
HOST-02275,AWS_us-east-1,81.8,142.8,0.52
HOST-02276,Azure_westeurope,53.7,7.32,0.45
HOST-02277,AWS_ap-northeast-1,45.3,59.22,0.64
HOST-02278,AWS_us-east-1,53.8,83.21,0.52
HOST-02279,Azure_westeurope,74.4,15.28,0.45
HOST-02280,AWS_ap-northeast-1,10.4,49.33,0.64
HOST-02281,AWS_us-east-1,74.1,51.29,0.52
HOST-02282,Azure_westeurope,40.5,68.07,0.45
HOST-02283,AWS_ap-northeast-1,74.6,60.39,0.64
HOST-02284,AWS_us-east-1,36.1,47.95,0.52
HOST-02285,Azure_westeurope,86.4,34.08,0.45
HOST-02286,AWS_ap-northeast-1,67.0,58.71,0.64
HOST-02287,AWS_us-east-1,28.9,11.81,0.52
HOST-02288,Azure_westeurope,26.3,21.36,0.45
HOST-02289,AWS_ap-northeast-1,85.5,7.15,0.64
HOST-02290,AWS_us-east-1,17.7,11.65,0.52
HOST-02291,Azure_westeurope,54.6,35.34,0.45
HOST-02292,AWS_ap-northeast-1,47.3,21.9,0.64
HOST-02293,AWS_us-east-1,37.2,101.87,0.52
HOST-02294,Azure_westeurope,69.4,123.39,0.45
HOST-02295,AWS_ap-northeast-1,71.1,59.62,0.64
HOST-02296,AWS_us-east-1,29.0,25.35,0.52
HOST-02297,Azure_westeurope,54.5,133.77,0.45
HOST-02298,AWS_ap-northeast-1,54.2,7.3,0.64
HOST-02299,AWS_us-east-1,16.8,42.86,0.52
HOST-02300,Azure_westeurope,93.5,127.52,0.45
HOST-02301,AWS_ap-northeast-1,61.5,37.07,0.64
HOST-02302,AWS_us-east-1,44.7,20.22,0.52
HOST-02303,Azure_westeurope,81.5,25.51,0.45
HOST-02304,AWS_ap-northeast-1,27.4,68.39,0.64
HOST-02305,AWS_us-east-1,16.3,194.39,0.52
HOST-02306,Azure_westeurope,14.2,18.04,0.45
HOST-02307,AWS_ap-northeast-1,27.4,11.56,0.64
HOST-02308,AWS_us-east-1,48.5,122.54,0.52
HOST-02309,Azure_westeurope,67.6,37.15,0.45
HOST-02310,AWS_ap-northeast-1,44.1,12.61,0.64
HOST-02311,AWS_us-east-1,35.9,96.32,0.52
HOST-02312,Azure_westeurope,56.4,29.85,0.45
HOST-02313,AWS_ap-northeast-1,16.7,126.74,0.64
HOST-02314,AWS_us-east-1,15.1,100.86,0.52
HOST-02315,Azure_westeurope,73.6,102.83,0.45
HOST-02316,AWS_ap-northeast-1,60.3,7.19,0.64
HOST-02317,AWS_us-east-1,73.2,8.63,0.52
HOST-02318,Azure_westeurope,50.3,40.57,0.45
HOST-02319,AWS_ap-northeast-1,14.8,14.29,0.64
HOST-02320,AWS_us-east-1,60.4,88.92,0.52
HOST-02321,Azure_westeurope,34.0,131.14,0.45
HOST-02322,AWS_ap-northeast-1,87.7,18.51,0.64
HOST-02323,AWS_us-east-1,61.3,18.63,0.52
HOST-02324,Azure_westeurope,16.2,6.55,0.45
HOST-02325,AWS_ap-northeast-1,80.5,55.0,0.64
HOST-02326,AWS_us-east-1,52.3,78.0,0.52
HOST-02327,Azure_westeurope,41.9,60.63,0.45
HOST-02328,AWS_ap-northeast-1,43.3,14.01,0.64
HOST-02329,AWS_us-east-1,24.2,70.04,0.52
HOST-02330,Azure_westeurope,28.2,74.27,0.45
HOST-02331,AWS_ap-northeast-1,20.4,58.15,0.64
HOST-02332,AWS_us-east-1,80.2,9.44,0.52
HOST-02333,Azure_westeurope,13.1,110.19,0.45
HOST-02334,AWS_ap-northeast-1,30.5,47.96,0.64
HOST-02335,AWS_us-east-1,24.9,51.3,0.52
HOST-02336,Azure_westeurope,42.5,15.71,0.45
HOST-02337,AWS_ap-northeast-1,13.9,16.91,0.64
HOST-02338,AWS_us-east-1,79.2,78.94,0.52
HOST-02339,Azure_westeurope,52.6,119.89,0.45
HOST-02340,AWS_ap-northeast-1,87.6,5.39,0.64
HOST-02341,AWS_us-east-1,60.3,12.33,0.52
HOST-02342,Azure_westeurope,33.9,51.75,0.45
HOST-02343,AWS_ap-northeast-1,14.9,15.82,0.64
HOST-02344,AWS_us-east-1,72.5,30.85,0.52
HOST-02345,Azure_westeurope,77.3,55.27,0.45
HOST-02346,AWS_ap-northeast-1,14.6,23.56,0.64
HOST-02347,AWS_us-east-1,49.8,27.07,0.52
HOST-02348,Azure_westeurope,95.0,111.58,0.45
HOST-02349,AWS_ap-northeast-1,54.3,169.05,0.64
HOST-02350,AWS_us-east-1,88.1,49.75,0.52
HOST-02351,Azure_westeurope,83.4,65.97,0.45
HOST-02352,AWS_ap-northeast-1,70.7,74.96,0.64
HOST-02353,AWS_us-east-1,39.5,21.75,0.52
HOST-02354,Azure_westeurope,22.2,46.76,0.45
HOST-02355,AWS_ap-northeast-1,47.2,90.31,0.64
HOST-02356,AWS_us-east-1,60.7,34.49,0.52
HOST-02357,Azure_westeurope,29.0,67.14,0.45
HOST-02358,AWS_ap-northeast-1,56.3,86.53,0.64
HOST-02359,AWS_us-east-1,11.9,15.88,0.52
HOST-02360,Azure_westeurope,39.0,51.88,0.45
HOST-02361,AWS_ap-northeast-1,74.2,94.87,0.64
HOST-02362,AWS_us-east-1,68.7,16.6,0.52
HOST-02363,Azure_westeurope,52.0,52.85,0.45
HOST-02364,AWS_ap-northeast-1,81.8,64.75,0.64
HOST-02365,AWS_us-east-1,13.8,57.05,0.52
HOST-02366,Azure_westeurope,62.5,91.3,0.45
HOST-02367,AWS_ap-northeast-1,86.3,68.62,0.64
HOST-02368,AWS_us-east-1,60.8,7.44,0.52
HOST-02369,Azure_westeurope,94.3,11.6,0.45
HOST-02370,AWS_ap-northeast-1,85.8,23.23,0.64
HOST-02371,AWS_us-east-1,62.4,24.43,0.52
HOST-02372,Azure_westeurope,40.1,31.16,0.45
HOST-02373,AWS_ap-northeast-1,15.7,22.39,0.64
HOST-02374,AWS_us-east-1,44.4,19.77,0.52
HOST-02375,Azure_westeurope,11.1,16.74,0.45
HOST-02376,AWS_ap-northeast-1,30.7,42.93,0.64
HOST-02377,AWS_us-east-1,15.9,35.6,0.52
HOST-02378,Azure_westeurope,80.7,10.82,0.45
HOST-02379,AWS_ap-northeast-1,14.3,22.12,0.64
HOST-02380,AWS_us-east-1,12.3,105.13,0.52
HOST-02381,Azure_westeurope,57.4,110.24,0.45
HOST-02382,AWS_ap-northeast-1,88.4,78.26,0.64
HOST-02383,AWS_us-east-1,79.3,61.87,0.52
HOST-02384,Azure_westeurope,59.1,26.79,0.45
HOST-02385,AWS_ap-northeast-1,89.8,36.54,0.64
HOST-02386,AWS_us-east-1,91.4,35.94,0.52
HOST-02387,Azure_westeurope,43.0,14.46,0.45
HOST-02388,AWS_ap-northeast-1,39.5,42.25,0.64
HOST-02389,AWS_us-east-1,64.6,69.34,0.52
HOST-02390,Azure_westeurope,31.4,9.38,0.45
HOST-02391,AWS_ap-northeast-1,87.4,38.18,0.64
HOST-02392,AWS_us-east-1,27.8,101.98,0.52
HOST-02393,Azure_westeurope,89.7,190.97,0.45
HOST-02394,AWS_ap-northeast-1,39.1,12.36,0.64
HOST-02395,AWS_us-east-1,20.9,45.74,0.52
HOST-02396,Azure_westeurope,20.2,13.98,0.45
HOST-02397,AWS_ap-northeast-1,84.1,53.83,0.64
HOST-02398,AWS_us-east-1,52.9,86.17,0.52
HOST-02399,Azure_westeurope,25.6,36.5,0.45
HOST-02400,AWS_ap-northeast-1,61.1,50.16,0.64
HOST-02401,AWS_us-east-1,65.2,89.45,0.52
HOST-02402,Azure_westeurope,36.5,21.28,0.45
HOST-02403,AWS_ap-northeast-1,13.6,45.12,0.64
HOST-02404,AWS_us-east-1,11.4,170.84,0.52
HOST-02405,Azure_westeurope,76.7,24.47,0.45
HOST-02406,AWS_ap-northeast-1,28.4,19.84,0.64
HOST-02407,AWS_us-east-1,22.2,49.7,0.52
HOST-02408,Azure_westeurope,34.6,141.94,0.45
HOST-02409,AWS_ap-northeast-1,85.6,8.9,0.64
HOST-02410,AWS_us-east-1,67.5,41.66,0.52
HOST-02411,Azure_westeurope,65.0,42.7,0.45
HOST-02412,AWS_ap-northeast-1,89.8,35.99,0.64
HOST-02413,AWS_us-east-1,87.1,18.42,0.52
HOST-02414,Azure_westeurope,78.6,5.49,0.45
HOST-02415,AWS_ap-northeast-1,56.8,12.57,0.64
HOST-02416,AWS_us-east-1,88.6,54.39,0.52
HOST-02417,Azure_westeurope,63.8,183.73,0.45
HOST-02418,AWS_ap-northeast-1,86.0,15.26,0.64
HOST-02419,AWS_us-east-1,16.8,45.64,0.52
HOST-02420,Azure_westeurope,16.8,7.19,0.45
HOST-02421,AWS_ap-northeast-1,77.5,96.55,0.64
HOST-02422,AWS_us-east-1,58.6,17.56,0.52
HOST-02423,Azure_westeurope,18.4,109.05,0.45
HOST-02424,AWS_ap-northeast-1,49.7,137.8,0.64
HOST-02425,AWS_us-east-1,35.4,40.78,0.52
HOST-02426,Azure_westeurope,53.1,13.19,0.45
HOST-02427,AWS_ap-northeast-1,59.8,134.15,0.64
HOST-02428,AWS_us-east-1,69.4,84.72,0.52
HOST-02429,Azure_westeurope,74.6,70.68,0.45
HOST-02430,AWS_ap-northeast-1,43.4,115.23,0.64
HOST-02431,AWS_us-east-1,51.5,80.5,0.52
HOST-02432,Azure_westeurope,56.9,121.84,0.45
HOST-02433,AWS_ap-northeast-1,80.7,91.11,0.64
HOST-02434,AWS_us-east-1,31.2,12.16,0.52
HOST-02435,Azure_westeurope,57.3,22.36,0.45
HOST-02436,AWS_ap-northeast-1,47.7,17.69,0.64
HOST-02437,AWS_us-east-1,36.3,19.03,0.52
HOST-02438,Azure_westeurope,12.6,138.47,0.45
HOST-02439,AWS_ap-northeast-1,37.3,5.77,0.64
HOST-02440,AWS_us-east-1,15.5,87.8,0.52
HOST-02441,Azure_westeurope,83.2,23.66,0.45
HOST-02442,AWS_ap-northeast-1,22.4,43.39,0.64
HOST-02443,AWS_us-east-1,16.6,28.27,0.52
HOST-02444,Azure_westeurope,72.8,105.12,0.45
HOST-02445,AWS_ap-northeast-1,50.8,10.01,0.64
HOST-02446,AWS_us-east-1,16.8,47.17,0.52
HOST-02447,Azure_westeurope,32.8,30.01,0.45
HOST-02448,AWS_ap-northeast-1,78.5,19.21,0.64
HOST-02449,AWS_us-east-1,18.6,38.62,0.52
HOST-02450,Azure_westeurope,53.2,9.29,0.45
HOST-02451,AWS_ap-northeast-1,12.3,48.1,0.64
HOST-02452,AWS_us-east-1,39.9,39.13,0.52
HOST-02453,Azure_westeurope,22.1,6.15,0.45
HOST-02454,AWS_ap-northeast-1,23.1,26.38,0.64
HOST-02455,AWS_us-east-1,18.7,40.21,0.52
HOST-02456,Azure_westeurope,17.8,38.35,0.45
HOST-02457,AWS_ap-northeast-1,16.9,54.38,0.64
HOST-02458,AWS_us-east-1,46.6,31.84,0.52
HOST-02459,Azure_westeurope,19.9,18.29,0.45
HOST-02460,AWS_ap-northeast-1,83.6,54.87,0.64
HOST-02461,AWS_us-east-1,56.3,24.42,0.52
HOST-02462,Azure_westeurope,32.9,238.24,0.45
HOST-02463,AWS_ap-northeast-1,40.3,61.48,0.64
HOST-02464,AWS_us-east-1,16.8,6.91,0.52
HOST-02465,Azure_westeurope,53.1,114.18,0.45
HOST-02466,AWS_ap-northeast-1,40.1,10.69,0.64
HOST-02467,AWS_us-east-1,69.7,14.59,0.52
HOST-02468,Azure_westeurope,40.2,193.79,0.45
HOST-02469,AWS_ap-northeast-1,93.0,53.63,0.64
HOST-02470,AWS_us-east-1,91.5,16.26,0.52
HOST-02471,Azure_westeurope,71.3,97.26,0.45
HOST-02472,AWS_ap-northeast-1,57.9,62.0,0.64
HOST-02473,AWS_us-east-1,24.4,21.87,0.52
HOST-02474,Azure_westeurope,16.3,32.44,0.45
HOST-02475,AWS_ap-northeast-1,39.9,36.86,0.64
HOST-02476,AWS_us-east-1,28.8,13.48,0.52
HOST-02477,Azure_westeurope,82.1,18.75,0.45
HOST-02478,AWS_ap-northeast-1,60.9,14.55,0.64
HOST-02479,AWS_us-east-1,77.0,45.38,0.52
HOST-02480,Azure_westeurope,21.0,69.88,0.45
HOST-02481,AWS_ap-northeast-1,27.2,30.01,0.64
HOST-02482,AWS_us-east-1,31.0,49.29,0.52
HOST-02483,Azure_westeurope,90.2,5.93,0.45
HOST-02484,AWS_ap-northeast-1,88.4,63.95,0.64
HOST-02485,AWS_us-east-1,63.6,22.91,0.52
HOST-02486,Azure_westeurope,43.6,11.49,0.45
HOST-02487,AWS_ap-northeast-1,31.9,36.85,0.64
HOST-02488,AWS_us-east-1,32.6,109.34,0.52
HOST-02489,Azure_westeurope,27.7,9.31,0.45
HOST-02490,AWS_ap-northeast-1,29.5,34.88,0.64
HOST-02491,AWS_us-east-1,28.7,39.09,0.52
HOST-02492,Azure_westeurope,58.2,17.0,0.45
HOST-02493,AWS_ap-northeast-1,39.2,36.72,0.64
HOST-02494,AWS_us-east-1,43.3,43.17,0.52
HOST-02495,Azure_westeurope,14.0,49.82,0.45
HOST-02496,AWS_ap-northeast-1,44.4,47.69,0.64
HOST-02497,AWS_us-east-1,78.4,23.12,0.52
HOST-02498,Azure_westeurope,15.0,58.17,0.45
HOST-02499,AWS_ap-northeast-1,45.6,39.78,0.64
HOST-02500,AWS_us-east-1,42.9,132.02,0.52
